{"kilometre": "Kilòmetre", "i_dont_know": "No ho se", "help": "Ajuda!", "numbers": {"n12": "Dotze", "n13": "Tretze", "n10": "Deu", "n11": "Onze", "n16": "Setze", "n17": "Diset", "n14": "Catorze", "n15": "Quinze", "n18": "Dihuit", "n19": "Dinou", "numbers": "1 2 3 ...", "n30": "Trenta", "n1000": "Mil", "n1000000": "Million", "n21": "Vint-i-u", "n20": "Vint", "n8": "Huit", "n9": "Nou", "n100": "Cent", "n0": "Zero", "n1": "U", "n2": "Dos", "n3": "Tres", "n4": "Quatre", "n5": "Cinc", "n6": "Sis", "n7": "Set"}, "where_going": "On hi vas? / On hi aneu? (sing./plural)", "beforeafter": {"after": "Després", "before": "Abans"}, "whats_your_name": "Com et diuen?", "where_can_i_find": {"map": "un mapa", "train_station": "una estació de tren", "hitchhiking_spot": "un bon lloc per a fer autostop", "toilet": "un vater", "wifi": "un Wifi públic/ Internet", "cash_machine": "un caixer automàtic", "tourist_office": "oficina de turisme", "internet_cafe": "an internet café", "fruit_market": "el mercat de fruita", "supermarket": "un supermercat", "small_road_to": "la carretera local a ...", "where_can_i_find": "On puc trobar ...?", "bus_stop": "una parada de bus", "bus_station": "una estació de bus", "bank": "un banc", "metro_station": "una estació de metro", "toll_road_to": "l'autopista de peatge a ...", "city_centre": "centre de ciutat", "pharmacy": "una farmàcia", "highway_to": "L'autopista a ...", "camp_site": "càmping"}, "yes": "Si", "perfect": "Perfecte", "im_visiting": "Vaig a visitar a un amic/amiga en", "how_much_cost": "Quant costa?", "sorry": "Perdó", "coffee": "café", "excuse_me": "Disculpi", "hitchhiker": "autoestopista", "leftright": {"right": "Dreta", "left": "Esquerra"}, "free_hugs": "Abraçades gratis", "stop": "Atura't!", "im_from": "Soc de ...", "where_are_you_from": "D'on ets?", "bread": "Pa", "meat": "Carn", "bad": "Malament", "how_old": "Quina edat tens?", "thats_great": "És genial", "where": "On?", "speak_slower": "Parle poc a poc, per favor?", "often": {"rarely": "rarament", "never": "Mai", "often": "De vegades", "sometimes": "de vegades"}, "thisnextlast": {"this": "Aquest", "last": "Últim", "next": "Proper"}, "tea": "Te (d'herbes)", "have_nice_day": "Que tingues un bon dia / viatge!", "hot_chocolate": "Xocolata calenta", "for_free": "gratis?", "thank_you": "Gràcies!", "hostel": "Hostal", "what": "Què?", "im_sick": "Estic malalt", "straight_on": "Recte", "hitchhike": "autostop", "im_hh_around": "Faig autostop per ...", "let_me_out": "Deixem sortir!", "tent": "Tenda", "enjoy_meal": "Que aprofite!", "any_other_languages": "qualsevol altra llengua", "no_thanks": "No gràcies", "water": "vater", "im_studying": "Estudie per a ser un/una", "directions": {"west": "Oest", "east": "Est", "north": "Nord", "south": "Sud"}, "what_time": "Quina hora és?", "im_fine": "Estic bè", "i_dont_eat_meat": "No menjo carn", "ok": "Okay", "im_going_back": "Hi torno a ", "vegetarian": "Vegetarià", "days": {"yesterday": "Ahir", "today": "Huí / Avuí", "tomorrow": "Demà"}, "UI": {"translate_from": "Translate from...", "about": "About", "contact_us": "Contact us", "voice-on": "Voice commands on", "audio_off": "Audio off", "search": "Búsqueda...", "audio_on": "Audio on", "voice-off": "Voice commands off", "phrasebook": "Llistat de frases", "translate_to": "Translate to...", "help_translating": "Help translating", "choose": "Choose"}, "smoke": "Fumar", "busking": "actuació al carrer", "im_holiday": "Estic de vacances", "am_years_old": "Tinc ... anys", "can_leave_my_bag": "Puc deixar la meua motxila una estona?", "place_to_sleep": "Busco un lloc on dormir", "could_get_lift_to": {"junction": "la unió", "just_before": "just abans", "just_after": "just després", "could_get_lift_to": "Podria aconseguir que em duguen a ... ?", "petrol_station": "una gasolinera / una benzinera", "roundabout": "rotonda / redona", "ring_road": "en la ronda", "across_the_road": "creuant el carrer", "rest_area": "àrea de descans", "service_area": "un àrea de servei", "crossroads": "cruïlla / encreuament", "tjunction": "La unió en T", "along_the_highway": "al llarg de l'autopista"}, "i_study": "Estudie ...", "im_not_in_hurry": "No tinc presa", "no_problem": "No hi ha problema", "long": {"short": "Curt", "long": "Llarg"}, "i_dont_understand": "No entenc", "beer": "Cervessa", "im_going_to": "Vaig a ...", "time": {"week": "Setmana", "year": "Any", "day": "Dia", "hour": "Hora", "month": "Mes"}, "im_cold": "Tinc fred", "dupsterdiving": "Buscar a les escombreries", "hotel": "Hotel", "overunder": {"over": "Sobre", "under": "Baix"}, "drop_me_off": "Pots deixar-me ací?", "i_have_friend": "Tinc nuvi/nuvia", "im_will_stay": "Seré durant ... dies/setmanes", "do_you_speak": "Parles .... ?", "eat": "menjar", "im_in_year": "Estic al meu ... any", "room": "Habitació", "dont_touch_me": "No em toqui!", "cheap_restaurant": "Un restaurant barat", "how_long": "Quant de temps?", "im_hot": "Tinc calor", "thirsty": "Tinc sed", "juice": "suc", "where_are_we": "On estem?", "texted_my_father": "Ja he escrit al meu pare", "no": "No", "when": "Quan?", "who": "Qui?", "how": "Com?", "im_tired": "Estic cansat/cansada (him/her)", "which": "Quin?", "pull_over": "Aturat que vaig a potar!", "are_you_going_towards": "Va vostè cap a ...? ", "im_hungry": "Tinc gana", "updown": {"down": "Baix", "up": "Dalt"}, "drink": "beguda", "cheers": "Salut!", "how_much": "Quant?", "fruit": "fruita", "vegan": "Vegà", "why": "Perquè?", "where_ticket": "On podem comprar un bitllet?", "my_name_is": "Em dic ...", "maybe": "Pot ser", "im_married": "Estic casat / casada (male/fem.)", "how_far": "Està lluny (a peu)?", "i_cant_pay": "No puc pagar", "hello": "Hola", "wine": "vi (negre, blanc)"}