{"kilometre": "kilometr", "i_dont_know": "nevím", "help": "Pomoc!", "numbers": {"n12": "dvanáct", "n13": "třináct", "n10": "deset", "n11": "jedenáct", "n16": "šestnáct", "n17": "sedmnáct", "n14": "čtrnáct", "n15": "patnáct", "n18": "osmnáct", "n19": "devatenáct", "numbers": "1 2 3 ...", "n30": "třicet", "n1000": "tisíc", "n1000000": "Million", "n21": "dvacet jedna", "n20": "dvacet", "n8": "osm", "n9": "devět", "n100": "sto", "n0": "nula", "n1": "jedna", "n2": "dvě", "n3": "tři", "n4": "čtyři", "n5": "pět", "n6": "šest", "n7": "sedm"}, "where_going": "Kam jedete?", "beforeafter": {"after": "po / za", "before": "před"}, "whats_your_name": "Jak se jmenuješ?", "where_can_i_find": {"map": "mapa", "train_station": "nádraží", "hitchhiking_spot": "dobré místo na stopování", "toilet": "záchod", "wifi": "veřejná Wi-Fi / internet", "cash_machine": "bankomat", "tourist_office": "turistické informační centrum", "internet_cafe": "an internet café", "fruit_market": "obchod s ovocem", "supermarket": "supermarket", "small_road_to": "malá cesta do ...", "where_can_i_find": "Kde můžu najít ...?", "bus_stop": "autobusová zastávka", "bus_station": "autobusové nádraží", "bank": "banka", "metro_station": "stanice metra", "toll_road_to": "placená cesta do ...", "city_centre": "centrum města", "pharmacy": "lékarna", "highway_to": "dálnice do ...", "camp_site": "kemp"}, "yes": "ano / jo", "perfect": "perfektní", "im_visiting": "Navštěvuju kamarády v ...", "how_much_cost": "Kolik to stojí?", "sorry": "promiňte", "coffee": "káva", "excuse_me": "Promiňte, ...", "hitchhiker": "stopař", "leftright": {"right": "vpravo", "left": "vlevo"}, "free_hugs": "objetí zdarma", "stop": "Zastavte!", "im_from": "Jsem z ...", "where_are_you_from": "Odkud jsi?", "bread": "chleba", "meat": "maso", "bad": "špatné", "how_old": "Kolik ti je?", "thats_great": "To je skvělé.", "where": "Kde?", "speak_slower": "Prosím mluvte pomaleji.", "often": {"rarely": "výjimečně", "never": "nikdy", "often": "často", "sometimes": "občas"}, "thisnextlast": {"this": "tohle", "last": "poslední", "next": "další / příští"}, "tea": "(bylinkový) čaj", "have_nice_day": "Přeji hezký den/výlet!", "hot_chocolate": "horká čokoláda", "for_free": "Zdarma?", "thank_you": "Děkuji!", "hostel": "hostel", "what": "Co?", "im_sick": "je mi špatně", "straight_on": "rovně", "hitchhike": "stopovat", "im_hh_around": "Stopuji po ...", "let_me_out": "Pusťte mě ven!", "tent": "stan", "enjoy_meal": "Dobrou chuť!", "any_other_languages": "nějaké další jazyky", "no_thanks": "ne, děkuji", "water": "voda", "im_studying": "Studuji na...", "directions": {"west": "západ", "east": "východ", "north": "sever", "south": "jih"}, "what_time": "Kolik je hodin?", "im_fine": "jsem v pohodě", "i_dont_eat_meat": "nejím maso", "ok": "Okay", "im_going_back": "Jedu zpátky do ...", "vegetarian": "vegetarián", "days": {"yesterday": "včera", "today": "dneska", "tomorrow": "zítra"}, "UI": {"translate_from": "Translate from...", "about": "About", "contact_us": "Contact us", "voice-on": "Voice commands on", "audio_off": "Audio off", "search": "Hledat...", "audio_on": "Audio on", "voice-off": "Voice commands off", "phrasebook": "konverzační příručka", "translate_to": "Translate to...", "help_translating": "Help translating", "choose": "Choose"}, "smoke": "kouřit", "busking": "pouliční vystupování", "im_holiday": "Jsem na dovolené.", "am_years_old": "Je mi ... let.", "can_leave_my_bag": "Můžu si tu na chvíli nechat batoh?", "place_to_sleep": "Hledám místo na spaní.", "could_get_lift_to": {"junction": "křižovatka", "just_before": "hned před", "just_after": "hned za", "could_get_lift_to": "Svezl byste mě do ...?", "petrol_station": "benzínka", "roundabout": "kruhový objezd", "ring_road": "na obchvatu / okruhu", "across_the_road": "přes cestu", "rest_area": "odpočívadlo", "service_area": "dálniční odpočívadlo", "crossroads": "křižovatka", "tjunction": "křižovatka ve tvaru T", "along_the_highway": "u dánice"}, "i_study": "Studiji ...", "im_not_in_hurry": "nespěchám", "no_problem": "žádný problém", "long": {"short": "krátký", "long": "dlouhý"}, "i_dont_understand": "nerozumím", "beer": "pivo", "im_going_to": "Jedu do ...", "time": {"week": "týden", "year": "rok", "day": "den", "hour": "hodina", "month": "měsíc"}, "im_cold": "je mi zima", "dupsterdiving": "kontíkaření", "hotel": "hotel", "overunder": {"over": "přes", "under": "pod"}, "drop_me_off": "Můžete mě tady vysadit?", "i_have_friend": "mám přítele/přítelkyni", "im_will_stay": "Zůstanu na ... dní/týdnů", "do_you_speak": "Mluvíte ...?", "eat": "jíst", "im_in_year": "Jsem v ... ročníku.", "room": "pokoj", "dont_touch_me": "Nešahejte na mě!", "cheap_restaurant": "levná restaurace", "how_long": "Jak dlouho?", "im_hot": "je mi vedro", "thirsty": "mám žízeň", "juice": "džus", "where_are_we": "Kde to jsme?", "texted_my_father": "Tátovi už jsem napsal sms.", "no": "ne", "when": "Kdy?", "who": "Kdo?", "how": "Jak?", "im_tired": "jsem unavený", "which": "Který?", "pull_over": "Zastavte, chce se mi zvracet!", "are_you_going_towards": "Jedete směrem na ...?", "im_hungry": "mám hlad", "updown": {"down": "dole", "up": "nahoře"}, "drink": "pití / nápoj", "cheers": "Na zdraví!", "how_much": "Kolik?", "fruit": "ovoce", "vegan": "vegan", "why": "Proč?", "where_ticket": "Kde si mlžeme koupit lístek / jízdenku?", "my_name_is": "Jmenuji se ...", "maybe": "možná", "im_married": "Jsem vdaná (f)/ženatý (m)", "how_far": "Jak je to daleko (pěšky)?", "i_cant_pay": "Nemůžu zaplatit.", "hello": "Dobrý den / Ahoj", "wine": "(červené, bílé) víno"}