{"kilometre": "Kilometer", "i_dont_know": "Jeg ved det ikke", "help": "Hjælp!", "numbers": {"n12": "Tolv", "n13": "Tretten", "n10": "Ti", "n11": "Elleve", "n16": "Seksten", "n17": "Sytten", "n14": "Fjorten", "n15": "Femten", "n18": "Atten", "n19": "Nitten", "numbers": "1 2 3 ...", "n30": "Tredive", "n1000": "Tusind", "n1000000": "Million", "n21": "En-og-tyve", "n20": "Tyve", "n8": "Otte", "n9": "Ni", "n100": "Hundrede", "n0": "Nul", "n1": "En", "n2": "To\n", "n3": "Tre", "n4": "Fire", "n5": "Fem", "n6": "Seks", "n7": "Syv"}, "where_going": "Hvor er du på vej hen?", "beforeafter": {"after": "Efter", "before": "Før"}, "whats_your_name": "Hvad hedder du? ", "where_can_i_find": {"map": "et kort", "train_station": "Togstation ", "hitchhiking_spot": "et godt blaffersted", "toilet": "et toilet", "wifi": "Gratis Wi-fi / Internet", "cash_machine": "Bankautomat ", "tourist_office": "Touristinformation", "internet_cafe": "an internet café", "fruit_market": "Frugtmarkedet", "supermarket": "et supermarked", "small_road_to": "Den lille vej mod....", "where_can_i_find": "Hvor kan jeg finde ...?", "bus_stop": "Busstoppested / stoppested for busser", "bus_station": "Busterminal", "bank": "en bank", "metro_station": "Metrostation", "toll_road_to": "Betalingsvejen mod.. (None of these in Denmark)", "city_centre": "Bycentrum / bymidte", "pharmacy": "et apotek", "highway_to": "Motorvejen mod..", "camp_site": "Campingplads / sted til campering"}, "yes": "Ja", "perfect": "Perfekt", "im_visiting": "Jeg skal besøge venner i...", "how_much_cost": "Hvor meget koster den?", "sorry": "Undskyld\n", "coffee": "Kaffe", "excuse_me": "Undskyld mig...", "hitchhiker": "Hitchhiker", "leftright": {"right": "Højre", "left": "Venstre"}, "free_hugs": "Gratis kram", "stop": "Stop!", "im_from": "Jeg er fra...", "where_are_you_from": "Hvor er du fra?", "bread": "Brød", "meat": "Kød", "bad": "Skidt / dårligt", "how_old": "Hvor gammel er du?", "thats_great": "Det lyder godt", "where": "Hvor?", "speak_slower": "Tal lidt langsommere", "often": {"rarely": "Sjældent", "never": "Aldrig", "often": "Ofte", "sometimes": "Nogen gange"}, "thisnextlast": {"this": "Denne", "last": "Sidste", "next": "Næste"}, "tea": "(Urte) te", "have_nice_day": "Hav en god dag/rejse!", "hot_chocolate": "Varm chokolade", "for_free": "Gratis?", "thank_you": "Tak!", "hostel": "Hostel / vandrehjem", "what": "Hvad?", "im_sick": "Jeg er syg", "straight_on": "Ligeud", "hitchhike": "Hitchhike", "im_hh_around": "Jeg blaffer rundt i ...", "let_me_out": "Jeg vil ud!", "tent": "Telt", "enjoy_meal": "God appetit! / velbekomme!", "any_other_languages": "nogen andre sprog", "no_thanks": "Nej tak", "water": "vand", "im_studying": "Jeg studerer.. (insert subject)", "directions": {"west": "Vest", "east": "Øst", "north": "Nord", "south": "Syd"}, "what_time": "Hvad er klokken?", "im_fine": "Jeg har det godt", "i_dont_eat_meat": "Jeg spiser ikke kød", "ok": "Okay", "im_going_back": "Jeg er på vej tilbage til...", "vegetarian": "Vegetarisk", "days": {"yesterday": "Igår", "today": "Idag", "tomorrow": "Imorgen"}, "UI": {"translate_from": "Translate from...", "about": "About", "contact_us": "Contact us", "voice-on": "Voice commands on", "audio_off": "Audio off", "search": "Søg...", "audio_on": "Audio on", "voice-off": "Voice commands off", "phrasebook": "En parlør", "translate_to": "Translate to...", "help_translating": "Help translating", "choose": "Choose"}, "smoke": "Verb: Ryge / Noun: Røg", "busking": "Busking", "im_holiday": "Jeg er på ferie", "am_years_old": "Jeg er ... år gammel", "can_leave_my_bag": "Kan jeg stille min taske her?", "place_to_sleep": "Jeg leder efter et sted at sove", "could_get_lift_to": {"junction": "Krydset", "just_before": "Lige inden", "just_after": "Lige efter", "could_get_lift_to": "Kan jeg få et lift til...?", "petrol_station": "En tankstation", "roundabout": "Rundkørsel\n", "ring_road": "På ringevejen", "across_the_road": "Lige over vejen", "rest_area": "Rasteplads", "service_area": "Rasteplads / tankstation", "crossroads": "Vejkrydset", "tjunction": "T-krydset", "along_the_highway": "Langs motorvejen"}, "i_study": "Jeg studerer ...", "im_not_in_hurry": "Jeg har ikke travlt", "no_problem": "intet problem / ingen årsag", "long": {"short": "Kort", "long": "Lang"}, "i_dont_understand": "Jeg forstår ikke", "beer": "Øl", "im_going_to": "Jeg er på vej mod...", "time": {"week": "Uge", "year": "År", "day": "Dag", "hour": "Time", "month": "Måned"}, "im_cold": "Jeg fryser", "dupsterdiving": "At skralde / dumpster diving", "hotel": "Hotel", "overunder": {"over": "Over", "under": "Under"}, "drop_me_off": "Kan du smide mig af her?", "i_have_friend": "Jeg har en kæreste (kæreste used for both genders)", "im_will_stay": "Jeg vil være der i ... dage/uger", "do_you_speak": "Taler du... ?", "eat": "Spise", "im_in_year": "Jeg er i mit ... år", "room": "Værelse", "dont_touch_me": "Rør mig ikke!", "cheap_restaurant": "En billig restaurant", "how_long": "Hvor længe/hvor lang?", "im_hot": "Jeg har det varmt", "thirsty": "Jeg er tørstig", "juice": "Juice", "where_are_we": "Hvor er vi?", "texted_my_father": "Jeg har allerede skrevet en besked til min far", "no": "Nej", "when": "Hvornår?", "who": "Hvem?", "how": "Hvordan?", "im_tired": "Jeg er træt / jeg er søvnig", "which": "Hvilken?", "pull_over": "Hold ind, jeg skal kaste op!", "are_you_going_towards": "Er du på vej mod...?", "im_hungry": "Jeg er sulten", "updown": {"down": "Ned", "up": "Op"}, "drink": "Verb: Drikke / Noun: En drink", "cheers": "Skål! ", "how_much": "Hvor meget?", "fruit": "Frugt", "vegan": "Noun: Veganer / Adjective: Veganisk", "why": "Hvorfor?", "where_ticket": "Hvor kan vi købe en billet?", "my_name_is": "Mit navn er...", "maybe": "Måske", "im_married": "Jeg er gift", "how_far": "Hvor lang err det (til fods)?", "i_cant_pay": "Jeg kan ikke betale / Jeg har ingen penge", "hello": "Hej / goddag / hey", "wine": "(Rød, hvid) vin"}