{"kilometre": "Kilometer", "i_dont_know": "Ich weiß (es) nicht", "help": "Hilfe!", "numbers": {"n12": "Zwölf", "n13": "Dreizehn", "n10": "Zehn", "n11": "Elf", "n16": "Sechzehn", "n17": "Siebzehn", "n14": "Vierzehn", "n15": "Fünfzehn", "n18": "Achtzehn", "n19": "Neunzehn", "numbers": "1 2 3 ...", "n30": "Dreißig", "n1000": "tausend", "n1000000": "Million", "n21": "Einundzwanzig", "n20": "Zwanzig", "n8": "Acht", "n9": "Neun", "n100": "hundert", "n0": "Null", "n1": "Eins", "n2": "Zwei (Zwo)", "n3": "Drei", "n4": "Vier", "n5": "Fünf", "n6": "Sechs", "n7": "Sieben"}, "where_going": "Wohin fahren Sie?", "beforeafter": {"after": "nach", "before": "vor"}, "whats_your_name": "Wie heißen Sie?", "where_can_i_find": {"map": "eine Karte", "train_station": "Bahnhof", "hitchhiking_spot": "ein guter Platz zum Trampen", "toilet": "eine Toilette", "wifi": "ein öffentliches W-LAN / Internet", "cash_machine": "Bankomat / Geldautomat", "tourist_office": "Touristeninformation", "internet_cafe": "an internet café", "fruit_market": "Obstmarkt", "supermarket": "einen Supermarkt", "small_road_to": "die kleine Straße nach ...", "where_can_i_find": "Wo kann ich ... finden?", "bus_stop": "Bushaltestelle", "bus_station": "Busbahnhof", "bank": "eine Bank", "metro_station": "U-Bahn Station", "toll_road_to": "die Mautstraße nach ...", "city_centre": "Stadtzentrum", "pharmacy": "eine Apotheke", "highway_to": "die Autobahn nach ...", "camp_site": "ein Campingplatz"}, "yes": "Ja", "perfect": "Perfekt", "im_visiting": "Ich besuche Freunde in ...", "how_much_cost": "Wieviel kostet es?", "sorry": "Entschuldigung", "coffee": "Kaffee", "excuse_me": "Entschuldigen Sie mich bitte... / Entschuldigung, ...", "hitchhiker": "Hitchhiker", "leftright": {"right": "rechts", "left": "links"}, "free_hugs": "Gratisumarmungen", "stop": "Stop!", "im_from": "Ich komme aus ...", "where_are_you_from": "Wo kommen Sie her?", "bread": "Brot", "meat": "Fleisch", "bad": "schlecht", "how_old": "Wie alt sind Sie?", "thats_great": "Germany: Das ist klasse!\nAustria: Das ist leiwand!", "where": "Wo?", "speak_slower": "Können Sie bitte etwas langsamer sprechen?", "often": {"rarely": "selten", "never": "niemals", "often": "oft", "sometimes": "manchmal"}, "thisnextlast": {"this": "Dieser", "last": "letzter", "next": "Nächster"}, "tea": "(Kräuter-) Tee", "have_nice_day": "Schönen Tag / Gute Reise!", "hot_chocolate": "Heiße Schokolade", "for_free": "kostenlos?", "thank_you": "Danke!", "hostel": "Jugendherberge/ Hostel", "what": "Was?", "im_sick": "Ich bin krank.", "straight_on": "geradeaus", "hitchhike": "Hitchhike", "im_hh_around": "Ich fahre per Anhalter in ...", "let_me_out": "Lassen Sie mich raus!", "tent": "Zelt", "enjoy_meal": "Guten Appetit!", "any_other_languages": "irgendwelche anderen Sprachen", "no_thanks": "Nein, danke", "water": "Wasser", "im_studying": "Ich studiere um .... zu werden.", "directions": {"west": "Westen", "east": "Osten", "north": "Norden", "south": "Süden"}, "what_time": "Wie spät ist es?", "im_fine": "Mir geht es gut.", "i_dont_eat_meat": "Ich esse kein Fleisch.", "ok": "Okay", "im_going_back": "Ich gehe zurück nach ...", "vegetarian": "Vegetarier", "days": {"yesterday": "Gestern", "today": "Heute", "tomorrow": "Morgen"}, "UI": {"translate_from": "Translate from...", "about": "About", "contact_us": "Contact us", "voice-on": "Voice commands on", "audio_off": "Audio off", "search": "suchen...", "audio_on": "Audio on", "voice-off": "Voice commands off", "phrasebook": "Buch mit Redewendungen", "translate_to": "Translate to...", "help_translating": "Help translating", "choose": "Choose"}, "smoke": "rauchen", "busking": "Busking", "im_holiday": "Ich bin im Urlaub.", "am_years_old": "Ich bin ... Jahre alt.", "can_leave_my_bag": "Kann ich meine Tasche hier lassen?", "place_to_sleep": "Ich suche einen Schlafplatz.", "could_get_lift_to": {"junction": "die Kreuzung", "just_before": "kurz vor", "just_after": "kurz nach", "could_get_lift_to": "Könnte ich bei Ihnen bis nach ... mitfahren?/ Können Sie mich bis nach ... mitnehmen?", "petrol_station": "eine Tankstelle", "roundabout": "Kreisverkehr", "ring_road": "auf der Ringstraße", "across_the_road": "auf der anderen Straßenseite", "rest_area": "Rastplatz", "service_area": "ein Raststätte", "crossroads": "Querstraße", "tjunction": "T-Kreuzung", "along_the_highway": "entlang der Autobahn"}, "i_study": "Ich studiere ...", "im_not_in_hurry": "Ich habe keine Eile", "no_problem": "kein Problem", "long": {"short": "kurz", "long": "lang"}, "i_dont_understand": "Ich verstehe (Sie) nicht", "beer": "Bier", "im_going_to": "Ich gehe nach ...", "time": {"week": "Woche", "year": "Jahr", "day": "Tag", "hour": "Stunde", "month": "Monat"}, "im_cold": "Mir ist kalt.", "dupsterdiving": "Containern/ Dumpster diving / freegan", "hotel": "Hotel", "overunder": {"over": "über", "under": "unter"}, "drop_me_off": "Können Sie mich hier rauslassen?", "i_have_friend": "Ich habe einen Freund / eine Freundin.", "im_will_stay": "Ich bleibe für ... Tage/Wochen", "do_you_speak": "Sprechen Sie ...?", "eat": "essen", "im_in_year": "Ich bin in meinem ... Jahr.", "room": "Zimmer", "dont_touch_me": "Fass mich nicht an!", "cheap_restaurant": "ein billiges Restaurant", "how_long": "Wie lange?", "im_hot": "Mir ist heiß.", "thirsty": "Ich bin durstig.", "juice": "Saft", "where_are_we": "Wo sind wir?", "texted_my_father": "Ich habe meinem Vater bereits eine SMS geschrieben.", "no": "Nein", "when": "Wann?", "who": "Wer?", "how": "Wie?", "im_tired": "Ich bin müde", "which": "Welches? Welcher? Welche?", "pull_over": "Halte an, ich muss mich übergeben!", "are_you_going_towards": "Fahren Sie Richtung ...?", "im_hungry": "Ich bin hungrig.", "updown": {"down": "runter", "up": "hoch"}, "drink": "trinken", "cheers": "Prost!", "how_much": "Wieviel?", "fruit": "Frucht", "vegan": "Vegan", "why": "Warum? / Wieso?", "where_ticket": "Wo können wir ein Ticket kaufen?", "my_name_is": "Mein Name ist ...", "maybe": "Vielleicht", "im_married": "Ich bin verheiratet.", "how_far": "Wie weit ist es (zu Fuß)?", "i_cant_pay": "Ich kann nicht bezahlen.", "hello": "Hallo", "wine": "(Rot, Weiß) Wein"}