{"kilometre": "Kilometre", "i_dont_know": "I don't know", "help": "Help!", "numbers": {"n12": "Twelve", "n13": "Thirteen", "n10": "Ten", "n11": "Eleven", "n16": "Sixteen", "n17": "Seventeen", "n14": "Fourteen", "n15": "Fifteen", "n18": "Eighteen", "n19": "Nineteen", "numbers": "1 2 3 ...", "n30": "Thirty", "n1000": "Thousand", "n1000000": "Million", "n21": "Twenty-one", "n20": "Twenty", "n8": "Eight", "n9": "Nine", "n100": "Hundred", "n0": "Zero", "n1": "One", "n2": "Two", "n3": "Three", "n4": "Four", "n5": "Five", "n6": "Six", "n7": "Seven"}, "where_going": "Where are you going to?", "beforeafter": {"after": "After", "before": "Before"}, "whats_your_name": "What's your name?", "where_can_i_find": {"map": "a map", "train_station": "a train station", "hitchhiking_spot": "a good hitchhiking spot", "toilet": "a toilet", "wifi": "a public Wi-Fi / Internet", "cash_machine": "a cash machine", "tourist_office": "the tourist office", "internet_cafe": "an internet café", "fruit_market": "the fruit market", "supermarket": "a supermarket", "small_road_to": "the small road to ...", "where_can_i_find": "Where can I find ...?", "bus_stop": "a bus stop", "bus_station": "a bus station", "bank": "a bank", "metro_station": "a metro station", "toll_road_to": "the toll road to ...", "city_centre": "city centre", "pharmacy": "a pharmacy", "highway_to": "the highway to ...", "camp_site": "a camp-site"}, "yes": "Yes", "perfect": "perfect", "im_visiting": "I'm visiting friends in ...", "how_much_cost": "How much does it cost?", "sorry": "Sorry", "coffee": "Coffee", "excuse_me": "Excuse me...", "hitchhiker": "Hitchhiker", "leftright": {"right": "Right", "left": "Left"}, "free_hugs": "Free hugs", "stop": "Stop!", "im_from": "I'm from ...", "where_are_you_from": "Where are you from?", "bread": "Bread", "meat": "Meat", "bad": "bad", "how_old": "How old are you?", "thats_great": "That's great", "where": "Where?", "speak_slower": "Speak slower, please?", "often": {"rarely": "Rarely", "never": "Never", "often": "Often", "sometimes": "Sometimes"}, "thisnextlast": {"this": "This", "last": "Last", "next": "Next"}, "tea": "(Herbal) tea", "have_nice_day": "Have a nice day/trip!", "hot_chocolate": "Hot chocolate", "for_free": "For free?", "thank_you": "Thank you!", "hostel": "Hostel", "what": "What?", "im_sick": "I'm sick", "straight_on": "Straight on", "hitchhike": "Hitchhike", "im_hh_around": "I'm hitchhiking around ...", "let_me_out": "Let me out!", "tent": "Tent", "enjoy_meal": "Enjoy your meal!", "any_other_languages": "any other languages", "no_thanks": "No thanks", "water": "Water", "im_studying": "I am studying to be a ...", "directions": {"west": "West", "east": "East", "north": "North", "south": "South"}, "what_time": "What time is it?", "im_fine": "I'm fine", "i_dont_eat_meat": "I don't eat meat", "ok": "Okay", "im_going_back": "I'm going back to ...", "vegetarian": "Vegetarian", "days": {"yesterday": "Yesterday", "today": "Today", "tomorrow": "Tomorrow"}, "UI": {"translate_from": "Translate from...", "about": "About", "contact_us": "Contact us", "voice-on": "Voice commands on", "audio_off": "Audio off", "search": "Search...", "audio_on": "Audio on", "voice-off": "Voice commands off", "phrasebook": "Phrasebook", "translate_to": "Translate to...", "help_translating": "Help translating", "choose": "Choose"}, "smoke": "Smoke", "busking": "Busking", "im_holiday": "I'm on holiday.", "am_years_old": "I'm ... years old.", "can_leave_my_bag": "Can I leave my bag here for a while?", "place_to_sleep": "I'm looking for a place to sleep.", "could_get_lift_to": {"junction": "the junction", "just_before": "just before", "just_after": "just after", "could_get_lift_to": "Could I get a lift to ...?", "petrol_station": "a petrol station", "roundabout": "roundabout", "ring_road": "on the ring road", "across_the_road": "across the road", "rest_area": "rest area", "service_area": "a service area", "crossroads": "the crossroads", "tjunction": "the T-junction", "along_the_highway": "along the highway"}, "i_study": "I study ...", "im_not_in_hurry": "I'm not in a hurry", "no_problem": "no problem", "long": {"short": "Short", "long": "Long"}, "i_dont_understand": "I don't understand", "beer": "Beer", "im_going_to": "I'm going to ...", "time": {"week": "Week", "year": "Year", "day": "Day", "hour": "Hour", "month": "Month"}, "im_cold": "I'm cold", "dupsterdiving": "Dumpster diving", "hotel": "Hotel", "overunder": {"over": "Over", "under": "Under"}, "drop_me_off": "Can you drop me off here?", "i_have_friend": "I have a boy-friend/a girl-friend.", "im_will_stay": "I will stay for ... days/weeks", "do_you_speak": "Do you speak ...?", "eat": "Eat", "im_in_year": "I'm in my ... year.", "room": "Room", "dont_touch_me": "Don't touch me!", "cheap_restaurant": "A cheap restaurant", "how_long": "How long?", "im_hot": "I'm hot", "thirsty": "I'm thirsty", "juice": "Juice", "where_are_we": "Where are we?", "texted_my_father": "I have already texted my father.", "no": "No", "when": "When?", "who": "Who?", "how": "How?", "im_tired": "I'm tired", "which": "Which?", "pull_over": "Pull over I'm going to puke!", "are_you_going_towards": "Are you going towards ...?", "im_hungry": "I'm hungry", "updown": {"down": "Down", "up": "Up"}, "drink": "Drink", "cheers": "Cheers!", "how_much": "How much?", "fruit": "Fruit", "vegan": "Vegan", "why": "Why?", "where_ticket": "Where can we buy a ticket?", "my_name_is": "My name is ...", "maybe": "Maybe", "im_married": "I'm married.", "how_far": "How far is it (on foot)?", "i_cant_pay": "I can't pay.", "hello": "Hello", "wine": "(Red, white) wine"}