{"kilometre": "Kilómetro", "i_dont_know": "No lo sé", "help": "ayuda! / auxilio!", "numbers": {"n12": "doce", "n13": "trece", "n10": "diez", "n11": "once", "n16": "dieciséis", "n17": "diecisiete", "n14": "catorce", "n15": "quince", "n18": "dieciocho", "n19": "diecinueve", "numbers": "1 2 3 ...", "n30": "treinta", "n1000": "mil", "n1000000": "Million", "n21": "veintinuo", "n20": "veinte", "n8": "ocho", "n9": "nueve", "n100": "cien", "n0": "cero", "n1": "uno", "n2": "dos", "n3": "tres", "n4": "cuatro", "n5": "cinco", "n6": "seis", "n7": "siete"}, "where_going": "hacia dónde vas?", "beforeafter": {"after": "después", "before": "antes"}, "whats_your_name": "cómo te llamas?", "where_can_i_find": {"map": "un mapa", "train_station": "estación de trenes", "hitchhiking_spot": "buen lugar para hacer autostop", "toilet": "baño", "wifi": "un Wi-Fi / Internet público", "cash_machine": "cajero automático", "tourist_office": "oficina de turismo", "internet_cafe": "an internet café", "fruit_market": "mercado de frutas", "supermarket": "supermercado", "small_road_to": "el camino secundario a ...", "where_can_i_find": "¿Dónde puedo encontrar ...?", "bus_stop": "parada de autobús", "bus_station": "estación de buses", "bank": "banco", "metro_station": "estacion del metro", "toll_road_to": "la carretera de peaje a ...", "city_centre": "centro de la ciudad", "pharmacy": "farmacia", "highway_to": "la carretera a ...", "camp_site": "área de camping"}, "yes": "Sí", "perfect": "perfecto", "im_visiting": "Estoy visitando amigos en ...", "how_much_cost": "¿Cuánto cuesta?", "sorry": "Disculpe", "coffee": "café", "excuse_me": "Disculpe me ...", "hitchhiker": "Autostopistas", "leftright": {"right": "derecho", "left": "izquierda"}, "free_hugs": "abrazos gratis", "stop": "alto! / para!", "im_from": "Soy de ...", "where_are_you_from": "de dónde eres?", "bread": "pan", "meat": "Carne", "bad": "mal / malo", "how_old": "cuántos años tienes?", "thats_great": "genial", "where": "¿Dónde?", "speak_slower": "Podría hablar más despacio porfavor?", "often": {"rarely": "raramente", "never": "nunca", "often": "seguido", "sometimes": "a veces"}, "thisnextlast": {"this": "esto", "last": "último", "next": "próximo"}, "tea": "té / infusión", "have_nice_day": "buen día / viaje!", "hot_chocolate": "chocolate caliente", "for_free": "Es gratis?", "thank_you": "gracias!", "hostel": "Hostel", "what": "¿Qué?", "im_sick": "estoy enfermo", "straight_on": "recto / derecho", "hitchhike": "Autostop", "im_hh_around": "Estoy ir a dedo alrededor ...", "let_me_out": "déjame salir!", "tent": "tienda de campaña / carpa", "enjoy_meal": "¡Buen provecho!", "any_other_languages": "cualquier otras idiomas", "no_thanks": "no gracias", "water": "agua", "im_studying": "Estoy estudiando para ser un ...", "directions": {"west": "oeste", "east": "este", "north": "norte", "south": "sur"}, "what_time": "¿Qué hora es?", "im_fine": "estoy bien", "i_dont_eat_meat": "no como carne", "ok": "Okay", "im_going_back": "Voy a volver a ...", "vegetarian": "vegetariano", "days": {"yesterday": "ayer", "today": "hoy", "tomorrow": "mañana"}, "UI": {"translate_from": "Translate from...", "about": "About", "contact_us": "Contact us", "voice-on": "Voice commands on", "audio_off": "Audio off", "search": "búsqueda", "audio_on": "Audio on", "voice-off": "Voice commands off", "phrasebook": "libro de expresiones", "translate_to": "Translate to...", "help_translating": "Help translating", "choose": "Choose"}, "smoke": "fumar", "busking": "Malabares", "im_holiday": "estoy de vacaciones", "am_years_old": "Tengo ... años.", "can_leave_my_bag": "¿Puedo dejar mi mochila aquí por un tiempo?", "place_to_sleep": "estoy buscando / busco un lugar en dónde dormir", "could_get_lift_to": {"junction": "entronque", "just_before": "Justo antes", "just_after": "justo después", "could_get_lift_to": "¿Puedo ir con usted a ...?", "petrol_station": "una estación de servicio", "roundabout": "rotonda", "ring_road": "carretera de circunvalación", "across_the_road": "del otro lado de la calle", "rest_area": "área de descanso", "service_area": "un área de servicio", "crossroads": "encrucijada", "tjunction": "T-intersección", "along_the_highway": "a lo largo de la carretera"}, "i_study": "Estoy estudiando ...", "im_not_in_hurry": "Yo no tengo prisa", "no_problem": "no hay problema", "long": {"short": "corto", "long": "largo"}, "i_dont_understand": "No entiendo", "beer": "cerveza", "im_going_to": "Voy a ...", "time": {"week": "semana", "year": "Año", "day": "día", "hour": "hora", "month": "mes"}, "im_cold": "tengo frío", "dupsterdiving": "Recolección urbana", "hotel": "hotel", "overunder": {"over": "encima", "under": "abajo"}, "drop_me_off": "me puedes dejar aquí", "i_have_friend": "tengo novio / novia", "im_will_stay": "Me quedaré ... días / semanas", "do_you_speak": "¿Habla usted ...?", "eat": "comer", "im_in_year": "Estoy en mi ... año.", "room": "habitación", "dont_touch_me": "no me toques!", "cheap_restaurant": "Un restaurante barato", "how_long": "¿Por cuánto tiempo?", "im_hot": "tengo calor", "thirsty": "tengo sed", "juice": "jugo", "where_are_we": "¿Dónde estamos?", "texted_my_father": "Ya he enviado un mensaje a mi padre.", "no": "No", "when": "¿Cuándo?", "who": "¿Quién?", "how": "¿Cómo?", "im_tired": "estoy cansado", "which": "¿Cuál?", "pull_over": "Para , voy a vomitar!", "are_you_going_towards": "va en dirección a...?", "im_hungry": "tengo hambre", "updown": {"down": "abajo", "up": "arriba"}, "drink": "Beber / trago", "cheers": "¡Salud!", "how_much": "¿Cuánto?", "fruit": "fruta", "vegan": "vegano", "why": "¿Por qué?", "where_ticket": "¿Dónde podemos comprar un billete?", "my_name_is": "Me llamo ...", "maybe": "tal vez", "im_married": "estoy casado (m) / casada (f)", "how_far": "¿Está muy lejos (a pie)?", "i_cant_pay": "no puedo pagar", "hello": "Hola", "wine": "vino (tinto, blanco)"}