{"kilometre": "Kilometri", "i_dont_know": "En tiedä", "help": "Apua!", "numbers": {"n12": "Kaksitoista", "n13": "Kolmetoista", "n10": "Kymmenen", "n11": "Yksitoista", "n16": "Kuusitoista", "n17": "Seitsemäntoista", "n14": "Neljätoista", "n15": "Viisitoista", "n18": "Kahdeksantoista", "n19": "Yhdeksäntoista", "numbers": "1 2 3 ...", "n30": "Kolmekymmentä", "n1000": "Tuhat", "n1000000": "Million", "n21": "Kaksikymmentäyksi", "n20": "Kaksikymmentä", "n8": "Kahdeksan", "n9": "Yhdeksän", "n100": "Sata", "n0": "Nolla", "n1": "Yksi", "n2": "Kaksi", "n3": "Kolme", "n4": "Neljä", "n5": "Viisi", "n6": "Kuusi", "n7": "Seitsemän"}, "where_going": "Mihin olet menossa?", "beforeafter": {"after": "Jälkeen", "before": "Ennen"}, "whats_your_name": "Mikä sinun nimi on?", "where_can_i_find": {"map": "kartan", "train_station": "juna-asema", "hitchhiking_spot": "hyvän liftauspaikan", "toilet": "vessan", "wifi": "Julkinen Wi-Fi / Internet", "cash_machine": "raha-automaatti / pankkiautomaatti", "tourist_office": "turisti-info", "internet_cafe": "an internet café", "fruit_market": "hedelmämarketti", "supermarket": "supermarketin", "small_road_to": "pieni tie ...aan", "where_can_i_find": "Mistä löydän ...?", "bus_stop": "bussipysäkki", "bus_station": "bussiasema", "bank": "pankki", "metro_station": "metroasema", "toll_road_to": "maksullinen tie ...aan", "city_centre": "kaupungin keskusta", "pharmacy": "apteekki", "highway_to": "valtatien ...aan", "camp_site": "leirintäalue"}, "yes": "Kyllä / Joo", "perfect": "täydellistä", "im_visiting": "Käyn kavereiden luona ...ssa", "how_much_cost": "Kuinka paljon se maksaa?", "sorry": "Sori / Anteeksi", "coffee": "Kahvi", "excuse_me": "Anteeksi...", "hitchhiker": "Liftari", "leftright": {"right": "Oikea", "left": "Vasen"}, "free_hugs": "Ilmaisia haleja", "stop": "Lopeta!", "im_from": "Olen ...sta", "where_are_you_from": "Mistä olet kotoisin?", "bread": "Leipä", "meat": "Liha", "bad": "huono", "how_old": "Kuinka vanha olet?", "thats_great": "Hienoa!", "where": "Missä?", "speak_slower": "Puhuisitko hitaammin?", "often": {"rarely": "Harvoin", "never": "Koskaan", "often": "Usein", "sometimes": "Joskus"}, "thisnextlast": {"this": "Tämä", "last": "Edellinen", "next": "Seuraava"}, "tea": "(Yrtti) tee", "have_nice_day": "Hauskaa päivää/matkaa!", "hot_chocolate": "Kaakao", "for_free": "Ilmaiseksi?", "thank_you": "Kiitos!", "hostel": "Hostelli", "what": "Mitä?", "im_sick": "Olen sairas", "straight_on": "Suoraan", "hitchhike": "Liftata", "im_hh_around": "Liftaan ympäri ...", "let_me_out": "Päästä minut ulos!", "tent": "Teltta", "enjoy_meal": "Hyvää ruokahalua!", "any_other_languages": "mitään muita kieliä", "no_thanks": "Ei kiitos", "water": "Vesi", "im_studying": "Minusta tulee ...", "directions": {"west": "Länsi", "east": "Itä", "north": "Pohjoinen", "south": "Etelä"}, "what_time": "Paljonko kello on?", "im_fine": "Olen okei", "i_dont_eat_meat": "En syö lihaa", "ok": "Okei", "im_going_back": "Menen takaisin ..aan", "vegetarian": "Kasvissyöjä / Kasvis", "days": {"yesterday": "Eilen", "today": "Tänään", "tomorrow": "Huomenna"}, "UI": {"translate_from": "Käännä kielestä...", "about": "Tietoja", "contact_us": "Ota yhteyttä", "voice-on": "Puhekomennot on", "audio_off": "Audio off", "search": "Etsi...", "audio_on": "Audio on", "voice-off": "Puhekomennot off", "phrasebook": "Sanakirja", "translate_to": "Käännä kielelle...", "help_translating": "Auta kääntämään", "choose": "Valitse"}, "smoke": "Polttaa", "busking": "Katuesiintyminen", "im_holiday": "Olen lomalla.", "am_years_old": "Olen ... vuotta vanha.", "can_leave_my_bag": "Voinko jättää reppuni hetkeksi tähän?", "place_to_sleep": "Etsin nukkumapaikkaa.", "could_get_lift_to": {"junction": "risteys", "just_before": "juuri ennen", "just_after": "juuri jälkeen", "could_get_lift_to": "Voisinko saada kyydin ...aan?", "petrol_station": "bensa-asema / huoltoasema", "roundabout": "liikenneympyrä", "ring_road": "kiertotie", "across_the_road": "tien yli", "rest_area": "levähdyspaikka", "service_area": "liikenneasema", "crossroads": "risteys", "tjunction": "T-risteys", "along_the_highway": "moottoritietä pitkin"}, "i_study": "Opiskelen ...", "im_not_in_hurry": "En ole kiireessä", "no_problem": "Ei ongelmaa", "long": {"short": "Lyhyt", "long": "Pitkä"}, "i_dont_understand": "En ymmärrä", "beer": "Olut / Kalja", "im_going_to": "Menen ...aan", "time": {"week": "Viikko", "year": "Vuosi", "day": "Päivä", "hour": "Tunti", "month": "Kuukausi"}, "im_cold": "Minulla on kylmä", "dupsterdiving": "Dyykkaus", "hotel": "Hotelli", "overunder": {"over": "Yli", "under": "Ali"}, "drop_me_off": "Jättäisitkö minut pois tässä?", "i_have_friend": "Minulla on poikaystävä/tyttöystävä.", "im_will_stay": "Aion viipyä ... päivää/viikkoa", "do_you_speak": "Puhutko ...?", "eat": "Syödä", "im_in_year": "...lla vuodella.", "room": "Huone", "dont_touch_me": "Älä koske minuun!", "cheap_restaurant": "Halpa ravintola", "how_long": "Kuinka kauan?", "im_hot": "Minulla on kuuma", "thirsty": "Olen janoinen", "juice": "Mehu", "where_are_we": "Missä olemme?", "texted_my_father": "Lähetin jo tekstarin isälleni.", "no": "Ei", "when": "Koska?", "who": "Kuka?", "how": "Kuinka?", "im_tired": "Olen väsynyt", "which": "Mikä?", "pull_over": "Pysähdy minua oksettaa!", "are_you_going_towards": "Oletko menossa ... suuntaan?", "im_hungry": "Minulla on nälkä", "updown": {"down": "Alas", "up": "Ylös"}, "drink": "Juoda", "cheers": "Kippis!", "how_much": "Kuinka paljon?", "fruit": "Hedelmä", "vegan": "Vegaani", "why": "Miksi?", "where_ticket": "Mistä voin ostaa lipun?", "my_name_is": "Nimen on ...", "maybe": "Ehkä", "im_married": "Olen naimisissa.", "how_far": "Kuinka kaukana se on (kävellen)?", "i_cant_pay": "En voi maksaa.", "hello": "Hei! / Moi!", "wine": "(Puna-, valko-) viini"}