{"kilometre": "un kilomètre", "i_dont_know": "Je ne sais pas", "help": "À l'aide ! / Au secours !", "numbers": {"n12": "Douze", "n13": "Treize", "n10": "Dix", "n11": "Onze", "n16": "Seize", "n17": "Dix-sept", "n14": "Quatorze", "n15": "Quinze", "n18": "Dix-huit", "n19": "Dix-neuf", "numbers": "1 2 3 ...", "n30": "Trente", "n1000": "Mille", "n1000000": "Million", "n21": "Vingt et un", "n20": "Vingt", "n8": "Huit", "n9": "Neuf", "n100": "Cent", "n0": "Zéro", "n1": "Un", "n2": "Deux", "n3": "Trois", "n4": "Quatre", "n5": "Cinq", "n6": "Six", "n7": "Sept"}, "where_going": "Où allez-vous?", "beforeafter": {"after": "Après", "before": "Avant"}, "whats_your_name": "Comment vous appelez-vous?", "where_can_i_find": {"map": "une carte", "train_station": "une gare", "hitchhiking_spot": "un bon coin pour faire du stop", "toilet": "les toilettes", "wifi": "un Wi-Fi / Internet public", "cash_machine": "un distributeur de billets", "tourist_office": "l'office du tourisme", "internet_cafe": "an internet café", "fruit_market": "le marché aux fruits", "supermarket": "un supermarché", "small_road_to": "la petite route pour aller à ...", "where_can_i_find": "Où puis-je trouver ...?", "bus_stop": "un arrêt de bus", "bus_station": "une gare routière", "bank": "une banque", "metro_station": "une station de métro", "toll_road_to": "l'autoroute pour aller à ...", "city_centre": "centre-ville", "pharmacy": "une pharmacie", "highway_to": "la route pour aller à ...", "camp_site": "un camping"}, "yes": "Oui", "perfect": "parfait", "im_visiting": "Je rends visite à des amis en (+pays, région) / à (+ville) ...", "how_much_cost": "Combien ça coûte ?", "sorry": "Pardon", "coffee": "un café", "excuse_me": "Excusez-moi...", "hitchhiker": "Autostoppeur", "leftright": {"right": "Droite", "left": "Gauche"}, "free_hugs": "Câlins gratuits", "stop": "Stop !", "im_from": "Je suis de ...", "where_are_you_from": "D'où venez-vous ?", "bread": "du pain", "meat": "La viande", "bad": "mauvais", "how_old": "Quel âge avez-vous ?", "thats_great": "C'est super / génial", "where": "Où ?", "speak_slower": "Pouvez-vous parler plus lentement s'il vous plaît?", "often": {"rarely": "Rarement", "never": "Jamais", "often": "Souvent", "sometimes": "Des fois"}, "thisnextlast": {"this": "Ce (m.) / Cette (f.)", "last": "Dernier(-ère)", "next": "Prochain(e)"}, "tea": "un thé (/une tisane)", "have_nice_day": "Bonne journée / Bon voyage !", "hot_chocolate": "un chocolat chaud", "for_free": "Gratuitement ?", "thank_you": "Merci !", "hostel": "Un hôtel de jeunesse", "what": "Quoi ?", "im_sick": "Je suis malade", "straight_on": "Tout droit", "hitchhike": "Autostop", "im_hh_around": "Je fais de l'auto-stop autour de ...", "let_me_out": "Laissez-moi sortir !", "tent": "Une tente", "enjoy_meal": "Bon appétit !", "any_other_languages": "d'autres langues", "no_thanks": "Non merci", "water": "de l'eau", "im_studying": "J'étudie pour être ...", "directions": {"west": "Ouest", "east": "Est", "north": "Nord", "south": "Sud"}, "what_time": "Quelle heure est-il ?", "im_fine": "Je vais bien / Ça va", "i_dont_eat_meat": "Je ne mange pas de viande", "ok": "Okay", "im_going_back": "Je rentre en (pays, région) / à (ville) ...", "vegetarian": "Végétarien", "days": {"yesterday": "Hier", "today": "Aujourd'hui", "tomorrow": "Demain"}, "UI": {"translate_from": "Translate from...", "about": "About", "contact_us": "Contact us", "voice-on": "Voice commands on", "audio_off": "Audio off", "search": "Rechercher...", "audio_on": "Audio on", "voice-off": "Voice commands off", "phrasebook": "Guide de conversation", "translate_to": "Translate to...", "help_translating": "Help translating", "choose": "Choose"}, "smoke": "Fumer", "busking": "Arts de la rue / performance de rue", "im_holiday": "Je suis en vacances.", "am_years_old": "J'ai ... ans.", "can_leave_my_bag": "Puis-je laisser mon sac ici pour un moment?", "place_to_sleep": "Je cherche un endroit où dormir.", "could_get_lift_to": {"junction": "un carrefour", "just_before": "juste avant", "just_after": "juste après", "could_get_lift_to": "Pouvez-vous m'emmener à ...?", "petrol_station": "une station essence", "roundabout": "un rond-point", "ring_road": "sur le périphérique / sur la rocade", "across_the_road": "de l'autre côté de la route", "rest_area": "une aire de repos", "service_area": "une aire de service", "crossroads": "le carrefour, le croisement", "tjunction": "un carrefour en T", "along_the_highway": "le long de la route"}, "i_study": "J'étudie ...", "im_not_in_hurry": "Je ne suis pas pressé", "no_problem": "pas de problème", "long": {"short": "Court", "long": "Long"}, "i_dont_understand": "Je ne comprends pas", "beer": "une bière", "im_going_to": "Je vais à ...", "time": {"week": "une semaine", "year": "Une année / Un an", "day": "un jour", "hour": "une heure", "month": "un mois"}, "im_cold": "J'ai froid", "dupsterdiving": "Faire les poubelles", "hotel": "un hôtel", "overunder": {"over": "Sur", "under": "Sous"}, "drop_me_off": "Pouvez-vous me déposer ici ?", "i_have_friend": "J'ai un petit ami / une petite amie.", "im_will_stay": "Je vais rester ... jours/semaines", "do_you_speak": "Parlez-vous ...?", "eat": "Manger", "im_in_year": "J'en suis à ma ... année.", "room": "une chambre", "dont_touch_me": "Ne me touchez pas !", "cheap_restaurant": "Un restaurant bon marché", "how_long": "Combien de temps ?", "im_hot": "J'ai chaud", "thirsty": "J'ai soif", "juice": "un jus de fruit", "where_are_we": "Où sommes-nous ?", "texted_my_father": "J'ai déjà envoyé un texto/SMS/message à mon père.", "no": "Non", "when": "Quand ?", "who": "Qui ?", "how": "Comment ?", "im_tired": "Je suis fatigué", "which": "Quel (m.) / Quelle (f.) ?", "pull_over": "Garez-vous je vais vomir!", "are_you_going_towards": "Allez-vous vers ...?", "im_hungry": "J'ai faim", "updown": {"down": "En bas", "up": "En haut"}, "drink": "Boire", "cheers": "Santé !", "how_much": "Combien ?", "fruit": "Un fruit", "vegan": "Végétalien", "why": "Pourquoi ?", "where_ticket": "Où pouvons-nous acheter un billet ?", "my_name_is": "Je m'appelle ...", "maybe": "Peut-être", "im_married": "Je suis marié.", "how_far": "C'est à quelle distance (à pied) ?", "i_cant_pay": "Je ne peux pas payer.", "hello": "Bonjour", "wine": "un vin (rouge, blanc)"}