{"kilometre": "Kilometar", "i_dont_know": "Ne znam", "help": "Pomoć", "numbers": {"n12": "Dvanaest", "n13": "Trinaest", "n10": "Deset", "n11": "Jedanaest", "n16": "Šesnaest", "n17": "Sedamnaest", "n14": "Četrnaest", "n15": "Petnaest", "n18": "Osamnaest", "n19": "Devetnaest", "numbers": "1 2 3 ...", "n30": "Trideset", "n1000": "Tisuću", "n1000000": "Million", "n21": "Dvadeset i jedan", "n20": "Dvadeset", "n8": "Osam", "n9": "Devet", "n100": "Sto", "n0": "Nula", "n1": "Jedan", "n2": "Dva", "n3": "Tri", "n4": "Četiri", "n5": "Pet", "n6": "Šest", "n7": "Sedam"}, "where_going": "Gdje idete?", "beforeafter": {"after": "Nakon", "before": "Prije"}, "whats_your_name": "Kako se zoveš?", "where_can_i_find": {"map": "Mapa", "train_station": "željeznički kolodvor", "hitchhiking_spot": "dobro mjesto za stopiranje", "toilet": "wc", "wifi": "besplatni wifi [wee-fee] / internet", "cash_machine": "bankomat", "tourist_office": "turistički ured / turist info", "internet_cafe": "an internet café", "fruit_market": "tržnica", "supermarket": "supermarket", "small_road_to": "mala cesta za ", "where_can_i_find": "Gdje mogu pronaći ...?", "bus_stop": "autobusna stanica", "bus_station": "autobusni kolodvor", "bank": "banka", "metro_station": "metro stanica", "toll_road_to": "autocesta za ...", "city_centre": "centar grada", "pharmacy": "ljekarna", "highway_to": "Autoput za ...", "camp_site": "kamp"}, "yes": "Da", "perfect": "Savršeno", "im_visiting": "Posjećujem prijatelje u...", "how_much_cost": "Koliko košta", "sorry": "Sorry", "coffee": "kava", "excuse_me": "Oprostite", "hitchhiker": "Hitchhiker", "leftright": {"right": "desno", "left": "Lijevo"}, "free_hugs": "Besplatni zagrljaji", "stop": "Stani", "im_from": "Ja sam iz ...", "where_are_you_from": "Odakle si?", "bread": "kruh", "meat": "meso", "bad": "loše", "how_old": "Koliko imaš godina?", "thats_great": "To je super!", "where": "Gdje", "speak_slower": "Pričaj sporije, molim te?", "often": {"rarely": "rijetko", "never": "Nikad", "often": "Često", "sometimes": "Ponekad"}, "thisnextlast": {"this": "Ovo", "last": "Zadnje", "next": "Iduće"}, "tea": "čaj", "have_nice_day": "Ugodan dan", "hot_chocolate": "vruća čokolada", "for_free": "Besplatno?", "thank_you": "Hvala", "hostel": "Hostel", "what": "Što", "im_sick": "Masculine: Bolestan sam / Feminine: Bolesna sam", "straight_on": "Ravno", "hitchhike": "Hitchhike", "im_hh_around": "Stopiram uokolo", "let_me_out": "Pusti me van", "tent": "Šator", "enjoy_meal": "Dobar tek", "any_other_languages": "neki drugi jezik", "no_thanks": "Ne, hvala", "water": "voda", "im_studying": "Studiram da postanem", "directions": {"west": "Zapad", "east": "Istok", "north": "Sjever", "south": "Jug"}, "what_time": "Koliko je sati?", "im_fine": "Dobro sam", "i_dont_eat_meat": "Ne jedem meso", "ok": "Okay", "im_going_back": "Vraćam se u ...", "vegetarian": "masculine: Vegetarijanac / feminine: vegetarijanka", "days": {"yesterday": "Jučer", "today": "Danas", "tomorrow": "Sutra"}, "UI": {"translate_from": "Translate from...", "about": "About", "contact_us": "Contact us", "voice-on": "Voice commands on", "audio_off": "Audio off", "search": "Potraga", "audio_on": "Audio on", "voice-off": "Voice commands off", "phrasebook": "rječnik fraza", "translate_to": "Translate to...", "help_translating": "Help translating", "choose": "Choose"}, "smoke": "dim", "busking": "Busking", "im_holiday": "Na odmoru sam", "am_years_old": "Imam ... godina", "can_leave_my_bag": "Mogu li ostaviti svoju torbu ovdje na neko vrijeme?", "place_to_sleep": "Tražim mjesto za prenoćiti.", "could_get_lift_to": {"junction": "čvor, raskrsnica", "just_before": "taman prije", "just_after": "taman nakon", "could_get_lift_to": "Možete li me povesti do ...?", "petrol_station": "benzinska postaja", "roundabout": "kružni tok", "ring_road": "Zaobilaznica", "across_the_road": "Preko ceste", "rest_area": "odmorište", "service_area": "odmorište", "crossroads": "raskrižje", "tjunction": "Priključak na glavnu cestu", "along_the_highway": "uz autocestu"}, "i_study": "Studiram", "im_not_in_hurry": "Nisam u žurbi", "no_problem": "Nema problema", "long": {"short": "Kratko", "long": "Dugo"}, "i_dont_understand": "Ne razumijem", "beer": "pivo", "im_going_to": "Idem za ...", "time": {"week": "Tjedan", "year": "Godina", "day": "Dan", "hour": "Sat", "month": "Mjesec"}, "im_cold": "Hladno mi je", "dupsterdiving": "Kopanje po smeću", "hotel": "hotel", "overunder": {"over": "Iznad", "under": "Ispod"}, "drop_me_off": "Možeš li me ostaviti ovdje?", "i_have_friend": "Imam dečka/curu.", "im_will_stay": "Ostajem ... dana/tjedana", "do_you_speak": "Pričate li ...?", "eat": "jesti", "im_in_year": "Na ... sam godini", "room": "soba", "dont_touch_me": "Ne diraj me!", "cheap_restaurant": "jeftini restoran", "how_long": "Koliko dugo?", "im_hot": "Vruće mi je", "thirsty": "masculine: žedan sam / feminine: žedna sam", "juice": "sok", "where_are_we": "Gdje smo?", "texted_my_father": "Već sam poslao poruku ocu.", "no": "Ne", "when": "Kada?", "who": "Tko", "how": "Kako?", "im_tired": "masculine: umoran sam - feminine: umorna sam", "which": "Koji?", "pull_over": "Stani, povratit ću!", "are_you_going_towards": "Idete li prema...?", "im_hungry": "masculine: Gladan sam / feminine: Gladna sam", "updown": {"down": "Dolje", "up": "Gore"}, "drink": "piti", "cheers": "živjeli!", "how_much": "Koliko?", "fruit": "voće", "vegan": "vegan", "why": "Zašto?", "where_ticket": "Gdje možemo kupiti kartu?", "my_name_is": "Moje ime je ...", "maybe": "Možda", "im_married": "Masculine: Oženjen sam / Feminine: Udana sam", "how_far": "Koliko je udaljeno (pješke)?", "i_cant_pay": "Ne mogu platiti.", "hello": "Bok / Zdravo", "wine": "(crno, bijelo) vino"}