{"kilometre": "kilométer", "i_dont_know": "Nem tudom", "help": "Segítség!", "numbers": {"n12": "tizenkettő", "n13": "tizenhárom", "n10": "tíz", "n11": "tizenegy", "n16": "tizenhat", "n17": "tizenhét", "n14": "tizennégy", "n15": "tizenöt", "n18": "tizennyolc", "n19": "tizenkilenc", "numbers": "1 2 3 ...", "n30": "harminc", "n1000": "ezer", "n1000000": "Million", "n21": "huszonegy", "n20": "húsz", "n8": "nyolc", "n9": "kilenc", "n100": "száz", "n0": "nulla", "n1": "egy", "n2": "kettő", "n3": "három", "n4": "négy", "n5": "öt", "n6": "hat", "n7": "hét"}, "where_going": "Merre megy:", "beforeafter": {"after": "után", "before": "előtt"}, "whats_your_name": "Hogy hívják?", "where_can_i_find": {"map": "térkép", "train_station": "pályaudvar", "hitchhiking_spot": "jó stoppoló hely", "toilet": "vécé", "wifi": "publikus wifi/internet", "cash_machine": "bankautómata", "tourist_office": "turista információ", "internet_cafe": "an internet café", "fruit_market": "gyümölcspiac", "supermarket": "szupermarket", "small_road_to": "a kisút ... felé", "where_can_i_find": "Hol találok ....-ot?", "bus_stop": "buszmegálló", "bus_station": "buszpályaudvar", "bank": "bank", "metro_station": "metró", "toll_road_to": "főút ... felé", "city_centre": "városközpont", "pharmacy": "gyógyszertár/patika", "highway_to": "autópálya ... felé", "camp_site": "kemping"}, "yes": "igen", "perfect": "tökéletes", "im_visiting": "Barátokat látogatok", "how_much_cost": "Mennyibe kerül?", "sorry": "Elnézést.", "coffee": "kávé", "excuse_me": "elnézést, ...", "hitchhiker": "Hitchhiker", "leftright": {"right": "jobb", "left": "bal"}, "free_hugs": "ingyen ölelés", "stop": "Álljon meg!", "im_from": "...-ból származom.", "where_are_you_from": "Honnan származik?", "bread": "kenyér", "meat": "hús", "bad": "rossz", "how_old": "Hogy vagy?", "thats_great": "Nagyszerű!", "where": "Hol?", "speak_slower": "Beszéljen kérem lassabban.", "often": {"rarely": "ritkán", "never": "soha", "often": "gyakran", "sometimes": "néha"}, "thisnextlast": {"this": "ez", "last": "utolsó", "next": "következő"}, "tea": "tea", "have_nice_day": "Szép napot!/Jó utat!", "hot_chocolate": "forrócsoki", "for_free": "Ingyen?", "thank_you": "Köszönöm!", "hostel": "hostel", "what": "Mi?", "im_sick": "Beteg vagyok.", "straight_on": "egyenesen", "hitchhike": "Hitchhike", "im_hh_around": "... szerte stoppolok.", "let_me_out": "Engedjen ki!", "tent": "sátor", "enjoy_meal": "Jó étvágyat!", "any_other_languages": "bármilyen másik nyelv", "no_thanks": "nem, köszönöm", "water": "víz", "im_studying": "...-nak tanulok", "directions": {"west": "nyugat", "east": "kelet", "north": "észak", "south": "dél"}, "what_time": "Mennyi az idő?", "im_fine": "Jól vagyok.", "i_dont_eat_meat": "Nem eszek húst", "ok": "Okay", "im_going_back": "Visszafelé megyek ...-be.", "vegetarian": "vegetáriánus", "days": {"yesterday": "tegnap", "today": "ma", "tomorrow": "holnap"}, "UI": {"translate_from": "Translate from...", "about": "About", "contact_us": "Contact us", "voice-on": "Voice commands on", "audio_off": "Audio off", "search": "...-ot keresek", "audio_on": "Audio on", "voice-off": "Voice commands off", "phrasebook": "szószedet", "translate_to": "Translate to...", "help_translating": "Help translating", "choose": "Choose"}, "smoke": "dohányzás", "busking": "Busking", "im_holiday": "Szabadságon vagyok.", "am_years_old": "... éves vagyok.", "can_leave_my_bag": "Itthagyhatnám a csomagomat egy időre?", "place_to_sleep": "Helyet keresek, ahol aludhatnék.", "could_get_lift_to": {"junction": "kereszteződés", "just_before": "épp előtte", "just_after": "épp utána", "could_get_lift_to": "El tudna vinni ...-ig?", "petrol_station": "benzinkút", "roundabout": "körforgalom", "ring_road": "elkerülő úton", "across_the_road": "keresztül az úton", "rest_area": "pihenőhely", "service_area": "pihenőhely", "crossroads": "keresztutak", "tjunction": "T kereszteződés", "along_the_highway": "az autópálya mentén"}, "i_study": "...-ot tanulok.", "im_not_in_hurry": "nem sietek", "no_problem": "nem baj", "long": {"short": "rövid", "long": "hosszú"}, "i_dont_understand": "Nem értem", "beer": "sör", "im_going_to": "... -ba megyek.", "time": {"week": "hét", "year": "év", "day": "nap", "hour": "óra", "month": "hónap"}, "im_cold": "Meg vagyok fázva.", "dupsterdiving": "kukázás", "hotel": "szálloda", "overunder": {"over": "felett", "under": "alatt"}, "drop_me_off": "Ki tudna itt tenni?", "i_have_friend": "Van barátom/barátnőm.", "im_will_stay": "... napot/hetet maradok.", "do_you_speak": "Beszél ...-ul?", "eat": "evés", "im_in_year": "...--ik éves vagyok.", "room": "szoba", "dont_touch_me": "Ne érjen hozzám!", "cheap_restaurant": "olcsó étterem", "how_long": "Milyen hosszú?", "im_hot": "Melegem van.", "thirsty": "Szomjas vagyok", "juice": "gyümölcslé", "where_are_we": "Hol vagyunk?", "texted_my_father": "Már üzentem apámnak.", "no": "nem", "when": "Mikor?", "who": "Ki?", "how": "Hogyan?", "im_tired": "Fáradt vagyok.", "which": "Melyik?", "pull_over": "Húzódjon le, hánynom kell!", "are_you_going_towards": "... felé megy?", "im_hungry": "Éhes vagyok", "updown": {"down": "le", "up": "fel"}, "drink": "ital", "cheers": "Egészségedre!", "how_much": "Mennyi?", "fruit": "gyümölcs", "vegan": "vegan", "why": "Miért?", "where_ticket": "Hol tudok jegyet venni?", "my_name_is": "...-nak hívnak.", "maybe": "talán", "im_married": "Házas vagyok.", "how_far": "Milyen messze van (gyalog)?", "i_cant_pay": "Nem tudok fizetni.", "hello": "Szia", "wine": "(vörös, fehér) bor"}