{"kilometre": "Chilometro", "i_dont_know": "Non so", "help": "Aiuto!", "numbers": {"n12": "Dodici", "n13": "Tredici", "n10": "Dieci", "n11": "Undici", "n16": "Sedici", "n17": "Dicciasette", "n14": "Quattordici", "n15": "Quindici", "n18": "Diciotto", "n19": "Diccianove", "numbers": "1 2 3 ...", "n30": "Trenta", "n1000": "Mille", "n1000000": "Million", "n21": "Ventuno", "n20": "Venti", "n8": "Otto", "n9": "Nove", "n100": "Cento", "n0": "Zero", "n1": "Uno", "n2": "Due", "n3": "Tre", "n4": "Quattro", "n5": "Cinque", "n6": "Sei", "n7": "Sette"}, "where_going": "Dove state andando?", "beforeafter": {"after": "Dopo", "before": "Prima"}, "whats_your_name": "Come ti chiami?", "where_can_i_find": {"map": "Mappa", "train_station": "Stazione dei treni", "hitchhiking_spot": "Un buon posto per fare autostop", "toilet": "Toilet/ Bagno", "wifi": "Wi-Fi pubblico", "cash_machine": "sportello automatico", "tourist_office": "L' ufficio per turisti", "internet_cafe": "an internet café", "fruit_market": "Il mercato della frutta", "supermarket": "Supermercato", "small_road_to": "La piccola strada per..", "where_can_i_find": "Dove posso trovare?", "bus_stop": "Fermata dell'autobus", "bus_station": "La stazione degli autobus", "bank": "Banca", "metro_station": "stazione metrò", "toll_road_to": "Pedaggio ...", "city_centre": "Centro città", "pharmacy": "Farmacia", "highway_to": "L'autostrada per..?", "camp_site": "campeggio"}, "yes": "Sì", "perfect": "Perfetto", "im_visiting": "Sto per visitare amici a...", "how_much_cost": "Quanto costa?", "sorry": "Sorry", "coffee": "Caffè", "excuse_me": "Scusami", "hitchhiker": "Hitchhiker", "leftright": {"right": "Giusto", "left": "Sinistra"}, "free_hugs": "Abbracci gratis", "stop": "Fermo!", "im_from": "Vengo dall ....", "where_are_you_from": "Di dove sei?", "bread": "Pane", "meat": "Carne", "bad": "Male", "how_old": "Quanti anni hai?", "thats_great": "E' grandioso!", "where": "Dove?", "speak_slower": "Puoi parlare più lentamente per piacere?", "often": {"rarely": "Raramente", "never": "Mai", "often": "Spesso", "sometimes": "Qualche volta"}, "thisnextlast": {"this": "Questo", "last": "Ultimo/a", "next": "Prossimo/a"}, "tea": "Tisana", "have_nice_day": "Buona giornata/ Buon viaggio!", "hot_chocolate": "Cioccolata calda", "for_free": "Gratis?", "thank_you": "Grazie", "hostel": "Ostello", "what": "Cosa?", "im_sick": "Sto male", "straight_on": "Dritto", "hitchhike": "Hitchhike", "im_hh_around": "Sto facendo autostop per..", "let_me_out": "Fammi uscire!", "tent": "Tenda", "enjoy_meal": "Buon appettito.", "any_other_languages": "Qualsiasi altra lingua", "no_thanks": "No, grazie", "water": "Acqua", "im_studying": "Studio per diventare uno/una...", "directions": {"west": "Ovest", "east": "Est", "north": "Nord", "south": "Sud"}, "what_time": "Che ora è?", "im_fine": "Sto bene", "i_dont_eat_meat": "Non mangio carne", "ok": "Okay", "im_going_back": "Tornerò in...", "vegetarian": "Vegetariano", "days": {"yesterday": "Ieri", "today": "Oggi", "tomorrow": "Domani"}, "UI": {"translate_from": "Translate from...", "about": "About", "contact_us": "Contact us", "voice-on": "Voice commands on", "audio_off": "Audio off", "search": "Cerca...", "audio_on": "Audio on", "voice-off": "Voice commands off", "phrasebook": "Frasario", "translate_to": "Translate to...", "help_translating": "Help translating", "choose": "Choose"}, "smoke": "Fumare", "busking": "Busking", "im_holiday": "Sono in vacanza.", "am_years_old": "Ho... anni.", "can_leave_my_bag": "Posso lasciare il mio zaino qui per un po' ?", "place_to_sleep": "Sto cercando un posto dove dormire.", "could_get_lift_to": {"junction": "Svincolo", "just_before": "Prima", "just_after": "Dopo", "could_get_lift_to": "Posso avere un passaggio per...?", "petrol_station": "Stazione di servizio", "roundabout": "Rotonda", "ring_road": "Strada ad anello", "across_the_road": "Dall'altra parte della strada", "rest_area": "Area di riposo", "service_area": "Area di servizio", "crossroads": "Incrocio", "tjunction": "Incrocio a T", "along_the_highway": "Lungo l'autostrada"}, "i_study": "Studio..", "im_not_in_hurry": "Non sono di fretta", "no_problem": "Nessun problema", "long": {"short": "Corto", "long": "Lungo"}, "i_dont_understand": "Non capisco", "beer": "Birra", "im_going_to": "Sto andando a...", "time": {"week": "Settimana", "year": "Anno", "day": "Giorno", "hour": "Ora", "month": "Mese"}, "im_cold": "Ho freddo", "dupsterdiving": "Frugare tra l' immondizzia", "hotel": "Hotel", "overunder": {"over": "Sopra", "under": "Sotto"}, "drop_me_off": "Posso scendere qui?", "i_have_friend": "Ho un fidanzato/fidanzata.", "im_will_stay": "Staro' per ... giorni/settimane", "do_you_speak": "Parlate....?", "eat": "Mangiare", "im_in_year": "Sono al mio ... anno", "room": "Stanza", "dont_touch_me": "Non toccarmi!", "cheap_restaurant": "Un ristorante non costoso", "how_long": "Quanto dura?", "im_hot": "Ho caldo", "thirsty": "Ho sete", "juice": "Aranciata", "where_are_we": "Dove siamo?", "texted_my_father": "Ho già scritto a mio padre.", "no": "No", "when": "Quando?", "who": "Chi?", "how": "Come?", "im_tired": "Sono stanco", "which": "Quale?", "pull_over": "Fermati sto per vomitare!", "are_you_going_towards": "State andando verso...?", "im_hungry": "Ho fame", "updown": {"down": "Sotto", "up": "Sopra"}, "drink": "Bere", "cheers": "Grazie", "how_much": "Quanto?", "fruit": "Frutta", "vegan": "Vegano", "why": "Perchè?", "where_ticket": "Dove possiamo comprare un biglietto?", "my_name_is": "Mi chiamo..", "maybe": "Puo' essere", "im_married": "Sono sposato/a", "how_far": "Quanto è distante (a piedi)?", "i_cant_pay": "Non posso pagare.", "hello": "Ciao.", "wine": "Vino (Rosso, Bianco)"}