{"kilometre": "Kilometras", "i_dont_know": "Nežinau", "help": "Padėkit!", "numbers": {"n12": "Dvylika", "n13": "Trylika", "n10": "Dešimt", "n11": "Vienuolika", "n16": "Šešiolika", "n17": "Septyniolika", "n14": "Keturiolika", "n15": "Penkiolika", "n18": "Aštuoniolika", "n19": "Devyniolika", "numbers": "1 2 3 ...", "n30": "Trisdešimt", "n1000": "Tūkstantis", "n1000000": "Million", "n21": "Dvidešimt vienas", "n20": "Dvidešimt", "n8": "Aštuoni", "n9": "Devyni", "n100": "Šimtas", "n0": "Nulis", "n1": "Vienas", "n2": "Du", "n3": "Trys", "n4": "Keturi", "n5": "Penki", "n6": "Šeši", "n7": "Septyni"}, "where_going": "Kur važiuojat?", "beforeafter": {"after": "Po", "before": "Prieš"}, "whats_your_name": "Kuo jūs vardu?", "where_can_i_find": {"map": "žemėlapis", "train_station": "traukinių stotis", "hitchhiking_spot": "gera vieta tranzuoti", "toilet": "tualetas", "wifi": "viešas Wi-Fi / Internetas", "cash_machine": "bankomatas", "tourist_office": "turizmo informacijos centras", "internet_cafe": "an internet café", "fruit_market": "vaisių / daržovių turgus", "supermarket": "supermarketas", "small_road_to": "keliukas į", "where_can_i_find": "Kur galiu rasti ...?", "bus_stop": "autobusų stotelė", "bus_station": "autobusų stotis", "bank": "bankas", "metro_station": "metro", "toll_road_to": "mokamas kelias į", "city_centre": "miesto centras", "pharmacy": "vaistinė", "highway_to": "autostrada į ...", "camp_site": "kempingas"}, "yes": "Taip", "perfect": "puiku", "im_visiting": "Lankau draugus", "how_much_cost": "Kiek tai kainuoja?", "sorry": "Atsiprašau", "coffee": "Kava", "excuse_me": "Atsiprašau...", "hitchhiker": "Tranzuotojas/ autostopininkas", "leftright": {"right": "Dešinė", "left": "Kairė"}, "free_hugs": "Nemokami apkabinimai", "stop": "Sustok!", "im_from": "Aš iš ...", "where_are_you_from": "Iš kur jūs?", "bread": "Duona", "meat": "Mėsa", "bad": "blogai", "how_old": "Kiek jums metų?", "thats_great": "Labai gerai", "where": "Kur?", "speak_slower": "Prašau, kalbėkit lėčiau", "often": {"rarely": "Retai", "never": "Niekada", "often": "Dažnai", "sometimes": "Kartais"}, "thisnextlast": {"this": "Šitas", "last": "Paskutinis", "next": "Kitas"}, "tea": "(Žolelių) arbata", "have_nice_day": "Geros dienos/kelionės!", "hot_chocolate": "Karštas šokoladas/ kakava", "for_free": "Nemokamai? / Už dyką?", "thank_you": "Ačiū!", "hostel": "Hostelis", "what": "Kas?", "im_sick": "Aš sergu", "straight_on": "Tiesiai", "hitchhike": "Tranzuoti/ keliauti autostopu", "im_hh_around": "Tranzuoju po ...", "let_me_out": "Išleisk mane!", "tent": "Palapinė", "enjoy_meal": "Skanaus!", "any_other_languages": "kitom kalbom", "no_thanks": "Ačiū, ne", "water": "Vanduo", "im_studying": "Aš studijuoju", "directions": {"west": "Vakarai", "east": "Rytai", "north": "Šiaurė", "south": "Pietūs"}, "what_time": "Kiek valandų?", "im_fine": "Man viskas gerai", "i_dont_eat_meat": "Nevalgau mėsos", "ok": "Gerai", "im_going_back": "Grįžtu į ...", "vegetarian": "Vegetaras/ vegetariškas", "days": {"yesterday": "Vakar", "today": "Šiandien", "tomorrow": "Rytoj"}, "UI": {"translate_from": "Versti iš...", "about": "Apie", "contact_us": "Kontaktai", "voice-on": "Įjungti komandas balsu", "audio_off": "Išjungti audio", "search": "Paieška...", "audio_on": "Įjungti audio", "voice-off": "Išjungti komandas balsu", "phrasebook": "Žodynėlis", "translate_to": "Versti į...", "help_translating": "Padėti versti", "choose": "Pasirinkti"}, "smoke": "Rūkyti", "busking": "Gatvės pasirodymas", "im_holiday": "Man atostogos.", "am_years_old": "Man ... metų.", "can_leave_my_bag": "Ar galiu čia palikti savo kuprinę kuriam laikui?", "place_to_sleep": "Ieškau vietos miegoti.", "could_get_lift_to": {"junction": "sankryža / kelių susikirtimas", "just_before": "prieš pat", "just_after": "iškart už", "could_get_lift_to": "Ar galėtumėt pavežti iki ...?", "petrol_station": "degalinė", "roundabout": "žiedas", "ring_road": "ant aplinkkelio", "across_the_road": "per kelią", "rest_area": "aikštelė", "service_area": "aikštelė/ poilsio zona", "crossroads": "sankryža", "tjunction": "sankryža / kelių susikirtimas", "along_the_highway": "palei autostradą"}, "i_study": "Studijuoju ...", "im_not_in_hurry": "Aš neskubu", "no_problem": "be problemų", "long": {"short": "Trumpai", "long": "Ilgai"}, "i_dont_understand": "Nesuprantu", "beer": "Alus", "im_going_to": "Aš važiuoju į ...", "time": {"week": "Savaitė", "year": "Metai", "day": "Diena", "hour": "Valanda", "month": "Mėnuo"}, "im_cold": "Man šalta", "dupsterdiving": "Dampsterdaivingas/ daiktų ar maisto paieška konteineriuose", "hotel": "Viešbutis", "overunder": {"over": "Virš", "under": "Po"}, "drop_me_off": "Ar galit išleisti mane čia?", "i_have_friend": "Aš turiu vaikiną/merginą.", "im_will_stay": "Būsiu ...  dienas/savaites", "do_you_speak": "Ar kalbat ...?", "eat": "Valgyti", "im_in_year": "Aš ... kurse.", "room": "Kambarys", "dont_touch_me": "Nelieskit manęs!", "cheap_restaurant": "Pigus restoranas", "how_long": "Kaip ilgai?", "im_hot": "Man karšta", "thirsty": "Aš ištroškus/ęs", "juice": "Sultys", "where_are_we": "Kur mes esam?", "texted_my_father": "Parašiau sms tėvams.", "no": "Ne", "when": "Kada?", "who": "Kas?", "how": "Kaip?", "im_tired": "Pavargau", "which": "Kuris?", "pull_over": "Man negera, ar galit sustoti?", "are_you_going_towards": "Ar važiuojat link ...?", "im_hungry": "Aš alkana(s)", "updown": {"down": "Žemyn", "up": "Aukštyn"}, "drink": "Gerti", "cheers": "Į sveikatą!", "how_much": "Kiek?", "fruit": "Vaisius", "vegan": "Veganas", "why": "Kodėl?", "where_ticket": "Kur galim nusipirkti bilietą?", "my_name_is": "Mano vardas ...", "maybe": "Galbūt", "im_married": "Esu vedęs (for man) / Esu ištekėjusi (for woman)", "how_far": "Kaip toli iki ten (pėsčiomis)? ", "i_cant_pay": "Negaliu mokėti. ", "hello": "Labas", "wine": "(Raudonas, baltas) vynas"}