{"kilometre": "Kilometrs", "i_dont_know": "Es nezinu", "help": "Palīgā!", "numbers": {"n12": "divpadsmit", "n13": "trīspadsmit", "n10": "desmit", "n11": "vienpadsmit", "n16": "sešpadsmit", "n17": "septiņpdsmit", "n14": "četrpadsmit", "n15": "piecpadsmit", "n18": "astoņpadsmit", "n19": "deviņpadsmit", "numbers": "1 2 3 ...", "n30": "trisdesmit", "n1000": "tūkstots", "n1000000": "Million", "n21": "divdesmit viens", "n20": "divdesmit", "n8": "astoņi", "n9": "deviņi", "n100": "simts", "n0": "nulle", "n1": "viens", "n2": "divi", "n3": "trīs", "n4": "četri", "n5": "pieci", "n6": "seši", "n7": "septiņi"}, "where_going": "Uz kurieni Jūs dodaties?", "beforeafter": {"after": "Pēc", "before": "pirms"}, "whats_your_name": "Kā Jūs sauc?", "where_can_i_find": {"map": "karte", "train_station": "stacija", "hitchhiking_spot": "laba vieta, kur stopēt", "toilet": "tualete", "wifi": "publisks Wi-Fi / Internets", "cash_machine": "bankomāts", "tourist_office": "tūrisma informācijas centrs", "internet_cafe": "an internet café", "fruit_market": "augļu tirgus", "supermarket": "lielveikals", "small_road_to": "mazais ceļš uz ...", "where_can_i_find": "Kur es varētu atrast ...?", "bus_stop": "autobusu pietura", "bus_station": "autoosta", "bank": "banka", "metro_station": "metro stacija", "toll_road_to": "maksas ceļš uz ...", "city_centre": "pilsētas centrs", "pharmacy": "aptieka", "highway_to": "lielceļu uz ...", "camp_site": "kempings"}, "yes": "Jā", "perfect": "perfekti", "im_visiting": "Es apciemoju draugus ...", "how_much_cost": "Cik tas maksa?", "sorry": "Atvainojiet", "coffee": "Kafija", "excuse_me": "Atvainojiet...", "hitchhiker": "Stopētājs", "leftright": {"right": "Pa labi", "left": "pa kreisi"}, "free_hugs": "bezmaksas apskavieni", "stop": "Stop!", "im_from": "Esmu no ...", "where_are_you_from": "No kurienes Jūs esat?", "bread": "Maize", "meat": "Gaļa", "bad": "slikti", "how_old": "Cik Jums gadu?", "thats_great": "Lieliski", "where": "kur?", "speak_slower": "Runājiet, lūdzu, lēnāk.", "often": {"rarely": "Reti", "never": "Nekad", "often": "Bieži", "sometimes": "Dažreiz"}, "thisnextlast": {"this": "Šis", "last": "Iepriekšējais", "next": "Nākaimais"}, "tea": "Augu tēja", "have_nice_day": "Lai Jums jauka diena/brauciens!", "hot_chocolate": "Karsta šokolāde", "for_free": "Par brīvu?", "thank_you": "Paldies!", "hostel": "Hostelis", "what": "kas?", "im_sick": "Man ir slikti", "straight_on": "taisni", "hitchhike": "Stopēt", "im_hh_around": "Es stopēju pa ...", "let_me_out": "Izlaidiet mani!", "tent": "telts", "enjoy_meal": "Labu apetīti!", "any_other_languages": "kādas citas valodas", "no_thanks": "Nē, paldies", "water": "Ūdens", "im_studying": "Es mācos, lai būtu ...", "directions": {"west": "Rietumi", "east": "Austrumi", "north": "Ziemeļi", "south": "Dienvidi"}, "what_time": "Cik pulkstens?", "im_fine": "Man ir labi", "i_dont_eat_meat": "Es neēdu gaļu.", "ok": "Okay", "im_going_back": "Es dodos atpakaļ uz ...", "vegetarian": "Veģetārietis(M)/Veģetāriete(F)", "days": {"yesterday": "Vakar", "today": "Šodien", "tomorrow": "Rīt"}, "UI": {"translate_from": "Translate from...", "about": "About", "contact_us": "Contact us", "voice-on": "Voice commands on", "audio_off": "Audio off", "search": "Meklēt", "audio_on": "Audio on", "voice-off": "Voice commands off", "phrasebook": "Sarunvārdnīca", "translate_to": "Translate to...", "help_translating": "Help translating", "choose": "Choose"}, "smoke": "Smēķēt", "busking": "Busking", "im_holiday": "Esmu brīvdienās.", "am_years_old": "Man ir ... gadi.", "can_leave_my_bag": "Vai es šeit uz brītiņu varu atstāt savu somu?", "place_to_sleep": "Es meklēju vietu, kur gulēt.", "could_get_lift_to": {"junction": "krustojums", "just_before": "pirms", "just_after": "pēc", "could_get_lift_to": "Vai Jūs varētu mani aizvest līdz ... ?", "petrol_station": "benzīntanks", "roundabout": "aplis", "ring_road": "apvedceļš", "across_the_road": "pāri ceļam", "rest_area": "atpūtas zona", "service_area": "benzīntanks", "crossroads": "krustojums", "tjunction": "T veida krustojums", "along_the_highway": "gar lielceļu"}, "i_study": "Es mācos ...", "im_not_in_hurry": "Es nesteidzos", "no_problem": "nav problēmu", "long": {"short": "Īss", "long": "Garš"}, "i_dont_understand": "Es nesaprotu", "beer": "alus", "im_going_to": "Es dodos uz ...", "time": {"week": "Nedēļa", "year": "Gads", "day": "Diena", "hour": "Stunda", "month": "Mēnesis"}, "im_cold": "Man ir auksti", "dupsterdiving": "Līst miskastēs", "hotel": "Hotelis", "overunder": {"over": "Pāri", "under": "Zem"}, "drop_me_off": "Vai Jūs varat mani izlaist te?", "i_have_friend": "Man ir draugs/draudzene.", "im_will_stay": "Es palikšu ... dienas/nedēļas", "do_you_speak": "Vai Jūs runājat ...?", "eat": "Ēst", "im_in_year": "Esmu ... gadā.", "room": "Istaba", "dont_touch_me": "Neaiztieciet mani!", "cheap_restaurant": "Lēts restorāns", "how_long": "Cik ilgi?", "im_hot": "Man ir karsti", "thirsty": "Esmu izslāpis", "juice": "sula", "where_are_we": "Kur mes esam?", "texted_my_father": "Es jau aizsūtīju SMS tēvam.", "no": "Nē", "when": "Kad?", "who": "Kurš?", "how": "Kā?", "im_tired": "Esmu noguris", "which": "Kurš?", "pull_over": "Piestājiet, es vemšu!", "are_you_going_towards": "Vai jūs dodaties uz ...?", "im_hungry": "Esmu izsalcis", "updown": {"down": "Uz leju", "up": "Uz augšu"}, "drink": "Dzert", "cheers": "Priekā!", "how_much": "Cik?", "fruit": "Auglis", "vegan": "Vegāns", "why": "Kāpēc?", "where_ticket": "Kur var nopirkt bileti?", "my_name_is": "Mani sauc ...", "maybe": "Varbūt", "im_married": "Esmu precējies(M)/precējusies(F).", "how_far": "Cik tālu tas ir (ejot)?", "i_cant_pay": "Es nevaru samaksāt.", "hello": "Sveiki", "wine": "(Sarkanais, baltais) vīns"}