{"kilometre": "Kilometer", "i_dont_know": "Jeg vet ikke.", "help": "Hjelp!", "numbers": {"n12": "Tolv", "n13": "Tretten", "n10": "Ti", "n11": "Elve", "n16": "seksten", "n17": "sytten", "n14": "fjorten", "n15": "femten", "n18": "Atten", "n19": "Nitten", "numbers": "1 2 3 ...", "n30": "Tretti", "n1000": "Tusen.", "n1000000": "Million", "n21": "Tjueen", "n20": "Tjue", "n8": "Åtte", "n9": "Ni", "n100": "Hundre.", "n0": "Null", "n1": "En", "n2": "To", "n3": "tre", "n4": "Fire", "n5": "Fem", "n6": "Seks", "n7": "Sju / syv"}, "where_going": "Hvor skall du gå?", "beforeafter": {"after": "Etter", "before": "Før"}, "whats_your_name": "Hva heter du?", "where_can_i_find": {"map": "en map", "train_station": "en togstasjon", "hitchhiking_spot": "et god sted til å haike.", "toilet": "en toalett", "wifi": "en offentlig Wifi / Internett", "cash_machine": "en minibank", "tourist_office": "en turistkontoret", "internet_cafe": "an internet café", "fruit_market": "fruktmarkedet", "supermarket": "en supermarked", "small_road_to": "den lille veien til ...", "where_can_i_find": "Hvor kan jeg finne ...?", "bus_stop": "en busstop", "bus_station": "en busstajon", "bank": "en bank", "metro_station": "en T-Banestajon", "toll_road_to": "bomvei til ...", "city_centre": "bysenter", "pharmacy": "et apotek", "highway_to": "motorveien til ...", "camp_site": "en campingplass"}, "yes": "Ja", "perfect": "perfekt", "im_visiting": "Jeg besøker venner i ...", "how_much_cost": "Hvor mye koster det?", "sorry": "Beklager", "coffee": "Kaffe", "excuse_me": "Unnskyld meg ...", "hitchhiker": "Hitchhiker", "leftright": {"right": "høyre.", "left": "Venstre"}, "free_hugs": "Gratis Klemmer", "stop": "Stopp!", "im_from": "Jer er fra ...", "where_are_you_from": "Hvor er du fra?", "bread": "Brø", "meat": "Kjøtt", "bad": "dårlig", "how_old": "Hvor gammel er du?", "thats_great": "Det er flott.", "where": "Hvor?", "speak_slower": "Snakke saktere, vær så snill", "often": {"rarely": "sjelden", "never": "Aldri", "often": "Ofte", "sometimes": "Noen ganger"}, "thisnextlast": {"this": "Denne", "last": "Siste", "next": "Neste"}, "tea": "(Urte) te", "have_nice_day": "Ha en god dag/ tur!", "hot_chocolate": "Varm sjokolade", "for_free": "Gratis? for fri?", "thank_you": "Takk skall du ha!", "hostel": "vandrerhjem / Hostel", "what": "Hva?", "im_sick": "Jeg er syk.", "straight_on": "rett på", "hitchhike": "Hitchhike", "im_hh_around": "Jeg haiker rundt ...", "let_me_out": "La meg gå ut!", "tent": "Telt", "enjoy_meal": "Nyt måltidet!", "any_other_languages": "noen andre språk.", "no_thanks": "Nei takk.", "water": "Vann", "im_studying": "Jeg studerer til å bli en ...", "directions": {"west": "Vest", "east": "Øst", "north": "Nord", "south": "Sør"}, "what_time": "Hva er klokken?", "im_fine": "Jeg er fint.", "i_dont_eat_meat": "Jeg spiser ikke kjøtt.", "ok": "Okay", "im_going_back": "Jeg skall tilbake til ...", "vegetarian": "Vegetarian", "days": {"yesterday": "I går", "today": "I dag", "tomorrow": "I morgen"}, "UI": {"translate_from": "Translate from...", "about": "About", "contact_us": "Contact us", "voice-on": "Voice commands on", "audio_off": "Audio off", "search": "Søk ...", "audio_on": "Audio on", "voice-off": "Voice commands off", "phrasebook": "frasebok.", "translate_to": "Translate to...", "help_translating": "Help translating", "choose": "Choose"}, "smoke": "røyke", "busking": "Busking", "im_holiday": "Jeg er på ferie.", "am_years_old": "Jeg er ... års gammel.", "can_leave_my_bag": "Kan jeg la min pose her for en stund?", "place_to_sleep": "Jeg leter etter et sted å sove.", "could_get_lift_to": {"junction": "krysset", "just_before": "rett før", "just_after": "rett etter", "could_get_lift_to": "Kan jeg få et løft til ...?", "petrol_station": "bensinstasjon.", "roundabout": "rundkjøring", "ring_road": "på ringveien", "across_the_road": "tvers over veien", "rest_area": "hvileområde", "service_area": "et serviceområde", "crossroads": "veiskille", "tjunction": "T-kryss", "along_the_highway": "langs motorveien"}, "i_study": "Jeg studerer ...", "im_not_in_hurry": "Jeg er ikke i en hast", "no_problem": "ikke noe problem", "long": {"short": "Korte", "long": "Lang"}, "i_dont_understand": "Jeg forstår ikke.", "beer": "Øl", "im_going_to": "Jeg skall til ...", "time": {"week": "Uke", "year": "År", "day": "Dag", "hour": "Time", "month": "Måned"}, "im_cold": "Jeg er kald.", "dupsterdiving": "Dumpster diving", "hotel": "Hotel", "overunder": {"over": "Over", "under": "Under"}, "drop_me_off": "Kan du slippe meg av her?", "i_have_friend": "Jeg har en kjæreste.", "im_will_stay": "Jeg vil bli her for ... døgn/uker", "do_you_speak": "Snakker du ...?", "eat": "Spise", "im_in_year": "Jeg er i min ... år.", "room": "Rom", "dont_touch_me": "Ikke rør meg!", "cheap_restaurant": "En billig restaurant", "how_long": "Hvor lenge?", "im_hot": "Jeg er varmt.", "thirsty": "Jeg er tørst.", "juice": "Juice / Saft", "where_are_we": "Hvor er vi?", "texted_my_father": "Jeg har allerede tekstet min far.", "no": "Nei", "when": "Når?", "who": "Hvem?", "how": "Hvordan?", "im_tired": "Jeg er trøtt", "which": "Hvilke?", "pull_over": "Stopp her, kommer jeg til å spy!", "are_you_going_towards": "Skal du mot ... ?", "im_hungry": "Jeg er sulten", "updown": {"down": "Ned", "up": "Opp"}, "drink": "Drikke", "cheers": "Skål!", "how_much": "Hvor mye?", "fruit": "Frukt", "vegan": "vegan", "why": "Hvorfor?", "where_ticket": "Hvor kan vi kjøpe billet?", "my_name_is": "Jeg heter ...", "maybe": "Kanskje", "im_married": "Jeg er gift.", "how_far": "Hvor langt er det (på foot)?", "i_cant_pay": "Jeg kan ikke betale.", "hello": "Hei", "wine": "(Rød, hvit) vin"}