{"kilometre": "Kilometer", "i_dont_know": "Ik weet het niet", "help": "Help!", "numbers": {"n12": "Twaalf", "n13": "Dertien", "n10": "Tien", "n11": "Elf", "n16": "Zestien", "n17": "Zeventien", "n14": "Veertien", "n15": "Vijftien", "n18": "Achttien", "n19": "Negentien", "numbers": "1 2 3 ...", "n30": "Dertig", "n1000": "Duizend", "n1000000": "Million", "n21": "Eenentwintig", "n20": "Twintig", "n8": "Acht", "n9": "Negen", "n100": "Honderd", "n0": "Nul", "n1": "Een", "n2": "Twee", "n3": "Drie", "n4": "Vier", "n5": "Vijf", "n6": "Zes", "n7": "Zeven"}, "where_going": "Waar gaat u naar toe?", "beforeafter": {"after": "Achter", "before": "Voor"}, "whats_your_name": "Wat is uw naam?", "where_can_i_find": {"map": "een kaart", "train_station": "een trein station", "hitchhiking_spot": "een goede lift/autostop plaats", "toilet": "een toilet", "wifi": "gratis Wi-Fi / internet", "cash_machine": "een bank automaat", "tourist_office": "de toeristische dienst", "internet_cafe": "an internet café", "fruit_market": "de fruitmarkt", "supermarket": "een supermarkt", "small_road_to": "de kleine weg naar ...", "where_can_i_find": "Waar kan ik ... vinden?", "bus_stop": "een bus halte", "bus_station": "een bus halte", "bank": "een bank", "metro_station": "een metro station", "toll_road_to": "de tol weg naar ...", "city_centre": "stadscentrum", "pharmacy": "een apotheek", "highway_to": "de autostrade naar ...", "camp_site": "een camping"}, "yes": "Ja", "perfect": "perfect", "im_visiting": "Ik ga vrienden bezoeken in ...", "how_much_cost": "Hoe veel kost het?", "sorry": "Sorry", "coffee": "Koffie", "excuse_me": "Excuseer...", "hitchhiker": "Hitchhiker", "leftright": {"right": "rechts", "left": "Links"}, "free_hugs": "Gratis knuffels", "stop": "Stop!", "im_from": "Ik ben van ...", "where_are_you_from": "Waar bent u van?", "bread": "Brood", "meat": "Vlees", "bad": "slecht", "how_old": "Hoe oud bent u?", "thats_great": "Dat is geweldig", "where": "Waar?", "speak_slower": "Spreek langzamer, alstublieft?", "often": {"rarely": "Zelden", "never": "Nooit", "often": "Vaak", "sometimes": "Soms"}, "thisnextlast": {"this": "Dit", "last": "Laatste", "next": "Volgende"}, "tea": "(Kruiden) thee", "have_nice_day": "een goede dag/reis verder!", "hot_chocolate": "Warme chocolademelk", "for_free": "Gratis?", "thank_you": "Bedankt!", "hostel": "Jeugdherberg", "what": "Wat?", "im_sick": "Ik ben ziek", "straight_on": "Rechtdoor", "hitchhike": "Hitchhike", "im_hh_around": "Ik lift rond ...", "let_me_out": "Laat me er uit!", "tent": "Tent", "enjoy_meal": "Smakelijk!", "any_other_languages": "andere talen", "no_thanks": "Nee bedankt", "water": "Water", "im_studying": "Ik studeer om ... te worden. ", "directions": {"west": "West", "east": "Oost", "north": "Noord", "south": "Zuid"}, "what_time": "Hoe laat is het?", "im_fine": "Ik ben ok.", "i_dont_eat_meat": "Ik eet geen vlees", "ok": "Okay", "im_going_back": "Ik ga terug naar ...", "vegetarian": "Vegetarisch", "days": {"yesterday": "Gisteren", "today": "Vandaag", "tomorrow": "Morgen"}, "UI": {"translate_from": "Translate from...", "about": "About", "contact_us": "Contact us", "voice-on": "Voice commands on", "audio_off": "Audio off", "search": "Zoek...", "audio_on": "Audio on", "voice-off": "Voice commands off", "phrasebook": "Taalgids", "translate_to": "Translate to...", "help_translating": "Help translating", "choose": "Choose"}, "smoke": "Rook", "busking": "Busking", "im_holiday": "Ik ben op vakantie.", "am_years_old": "Ik ben ... jaar oud.", "can_leave_my_bag": "Mag ik mijn zak hier voor een tijdje laten staan?", "place_to_sleep": "Ik ben op zoek naar een plaats om te overnachten,", "could_get_lift_to": {"junction": "de kruising", "just_before": "juist voor", "just_after": "juist na", "could_get_lift_to": "Kan ik een lift krijgen naar ...?", "petrol_station": "Een tankstation", "roundabout": "rond punt", "ring_road": "op de ringweg", "across_the_road": "aan de overkant van de weg", "rest_area": "rustplaats", "service_area": "een wegrestaurant / benzinestation", "crossroads": "het kruispunt", "tjunction": "de T-kruising", "along_the_highway": "langs de snelweg"}, "i_study": "Ik studeer ...", "im_not_in_hurry": "Ik ben niet gehaasd", "no_problem": "geen probleem", "long": {"short": "Kort", "long": "Lang"}, "i_dont_understand": "Ik versta het niet", "beer": "Bier", "im_going_to": "Ik ga naar ...", "time": {"week": "Week", "year": "Jaar", "day": "Dag", "hour": "Uur", "month": "Maand"}, "im_cold": "Ik heb het koud", "dupsterdiving": "Dumpster diving", "hotel": "Hotel", "overunder": {"over": "Over", "under": "Onder"}, "drop_me_off": "Kan u mij hier afzetten?", "i_have_friend": "Ik heb een vriend/vriendin.", "im_will_stay": "Ik blijf ... dagen/weken", "do_you_speak": "Spreek je ...?", "eat": "Eten", "im_in_year": "Ik ben in mijn ... jaar.", "room": "Kamer", "dont_touch_me": "Raak me niet aan!", "cheap_restaurant": "Een goedkoop restaurant", "how_long": "Hoe lang?", "im_hot": "Ik heb het warm", "thirsty": "Ik heb dorst", "juice": "Sap", "where_are_we": "Waar zijn we?", "texted_my_father": "Ik heb mijn vader al geSMS't.", "no": "Nee", "when": "Wanneer?", "who": "Wie?", "how": "Hoe?", "im_tired": "Ik ben moe", "which": "Welke?", "pull_over": "Stop de wagen, ik moet overgeven!", "are_you_going_towards": "Gaat u naar ...?", "im_hungry": "Ik heb honger", "updown": {"down": "Naar beneden", "up": "Naar boven"}, "drink": "Drinken", "cheers": "Schol!", "how_much": "Hoe veel?", "fruit": "Fruit", "vegan": "Veganistisch", "why": "Waarom?", "where_ticket": "Waar kunnen we een ticket kopen?", "my_name_is": "Mijn naam is ...", "maybe": "Misschien", "im_married": "Ik ben getrouwd", "how_far": "Hoe ver is het (te voet)?", "i_cant_pay": "Ik kan niet betalen.", "hello": "Hallo", "wine": "(Rode, witte) wijn"}