{"kilometre": "kilometr", "i_dont_know": "nie wiem", "help": "Pomocy!", "numbers": {"n12": "Dwanaście", "n13": "Trzynaście", "n10": "Dziesięć", "n11": "Jedenaście", "n16": "Szesnaście", "n17": "Siedemnaście", "n14": "Czternaście", "n15": "Piętnaście", "n18": "Osiemnaście", "n19": "Dziewiętnaście", "numbers": "1 2 3 ...", "n30": "Trzydzieści", "n1000": "Tysiąc", "n1000000": "Million", "n21": "Dwadzieścia jeden", "n20": "Dwadzieścia", "n8": "Osiem", "n9": "Dziewięć", "n100": "sto", "n0": "Zero", "n1": "Jeden", "n2": "Dwa", "n3": "Trzy", "n4": "Cztery", "n5": "Pięć", "n6": "Sześć", "n7": "Siedem"}, "where_going": "Gdzie jedziesz? / Dokąd jedziesz?", "beforeafter": {"after": "po", "before": "przed"}, "whats_your_name": "Jak się nazywasz?", "where_can_i_find": {"map": "mapa", "train_station": "Stacja kolejowa", "hitchhiking_spot": "dobre miejsce do łapania autostopu", "toilet": "toaleta", "wifi": "publiczne Wi-Fi / Internet", "cash_machine": "bankomat", "tourist_office": "informacja turystyczna / biuro informacji turystycznej", "internet_cafe": "an internet café", "fruit_market": "targ owocowy / targ z owocami", "supermarket": "supermarket", "small_road_to": "mała droga do ...", "where_can_i_find": "Gdzie mogę znaleźć ...?", "bus_stop": "przystanek autobusowy", "bus_station": "stacja autobusowa", "bank": "bank", "metro_station": "stacja metra", "toll_road_to": "płatna droga do ...", "city_centre": "centrum miasta", "pharmacy": "apteka", "highway_to": "autostrada do ...", "camp_site": "pole namiotowe / kemping"}, "yes": "Tak", "perfect": "idealnie", "im_visiting": "Odwiedzam przyjaciół w ...", "how_much_cost": "Ile to kosztuje?", "sorry": "przepraszam", "coffee": "kawa", "excuse_me": "Przepraszam ...", "hitchhiker": "Hitchhiker", "leftright": {"right": "Prawo", "left": "lewo"}, "free_hugs": "Dwadzieścia dwa", "stop": "Stop!", "im_from": "Jestem z ...", "where_are_you_from": "Skąd jesteś?", "bread": "chleb", "meat": "Mięso", "bad": "źle", "how_old": "Ile masz lat?", "thats_great": "to świetnie", "where": "Gdzie?", "speak_slower": "Proszę mówić wolniej.", "often": {"rarely": "Rzadko", "never": "nigdy", "often": "często", "sometimes": "Czasami"}, "thisnextlast": {"this": "to", "last": "ostatni", "next": "następny"}, "tea": "(ziołowa) herbata", "have_nice_day": "Miłego dnia. / Miłej podróży.", "hot_chocolate": "gorąca czekolada", "for_free": "Darmowe / za darmo", "thank_you": "Dziękuję.", "hostel": "Hostel", "what": "Co?", "im_sick": "jestem chory", "straight_on": "prosto", "hitchhike": "Hitchhike", "im_hh_around": "Jeżdżę autostopem po ...", "let_me_out": "Wypuść mnie!", "tent": "namiot", "enjoy_meal": "Smacznego.", "any_other_languages": "jakiś inny język", "no_thanks": "nie dziękuję", "water": "woda", "im_studying": "Studiuję by zostać ...", "directions": {"west": "Zachód", "east": "Wschód", "north": "Północ", "south": "Południe"}, "what_time": "Która jest godzina?", "im_fine": "W porządku", "i_dont_eat_meat": "Nie jem mięsa / nie jadam mięsa", "ok": "Okay", "im_going_back": "Wracam do ...", "vegetarian": "Wegetarianin", "days": {"yesterday": "Wczoraj", "today": "Dzisiaj", "tomorrow": "Jutro"}, "UI": {"translate_from": "Translate from...", "about": "About", "contact_us": "Contact us", "voice-on": "Voice commands on", "audio_off": "Audio off", "search": "Szukaj ...", "audio_on": "Audio on", "voice-off": "Voice commands off", "phrasebook": "rozmówki", "translate_to": "Translate to...", "help_translating": "Help translating", "choose": "Choose"}, "smoke": "Dym", "busking": "Busking", "im_holiday": "Jestem na wakacjach.", "am_years_old": "Mam ... lat.", "can_leave_my_bag": "Czy mogę na chwilę zostawić tu mój bagaż?", "place_to_sleep": "Szukam miejsca do spania. / Szukam noclegu.", "could_get_lift_to": {"junction": "Skrzyżowanie", "just_before": "tuż przed", "just_after": "zaraz po", "could_get_lift_to": "Czy możesz mnie podwieźć do ...?", "petrol_station": "Stacja benzynowa", "roundabout": "rondo", "ring_road": "na obwodnicy", "across_the_road": "po drugiej stronie drogi", "rest_area": "Miejsce Obsługi Podróżnych (MOP)", "service_area": "Miejsce Obsługi Podróżnych (MOP)", "crossroads": "skrzyżowanie", "tjunction": "Skrzyżowanie w kształcie litery T", "along_the_highway": "wzdłuż autostrady"}, "i_study": "Studiuję ...", "im_not_in_hurry": "Nie śpieszę się", "no_problem": "to nie problem / to żaden problem", "long": {"short": "krótko", "long": "długo"}, "i_dont_understand": "nie rozumiem", "beer": "piwo", "im_going_to": "Jadę do ...", "time": {"week": "tydzień", "year": "Rok", "day": "dzień", "hour": "godzina", "month": "miesiąc"}, "im_cold": "zimno mi", "dupsterdiving": "Nurkowanie w śmietnikach / Skipping", "hotel": "Hotel", "overunder": {"over": "ponad", "under": "pod"}, "drop_me_off": "Czy możesz mnie wysadzić tutaj?", "i_have_friend": "Mam chłopaka/dziewczynę. / Mam partnera/partnerkę.", "im_will_stay": "Zostanę na ... dni/tygodni / Zatrzymam się na ... dni/tygodni", "do_you_speak": "Czy mówisz po ...? / Czy znasz ...?", "eat": "jeść", "im_in_year": "Jestem na ... roku.", "room": "Pokój", "dont_touch_me": "Nie dotykaj mnie!", "cheap_restaurant": "tania restauracja", "how_long": "Jak długo?", "im_hot": "gorąco mi", "thirsty": "chcę pić / jestem spragniony", "juice": "sok", "where_are_we": "Gdzie jesteśmy?", "texted_my_father": "Już napisałem do mojego taty.", "no": "Nie", "when": "Kiedy?", "who": "Kto?", "how": "Jak?", "im_tired": "Jestem zmęczony", "which": "Który?", "pull_over": "Zjedź na pobocze będę żygać/wymiotować", "are_you_going_towards": "Czy jedziesz w kierunku...?", "im_hungry": "jestem głodny", "updown": {"down": "w dół", "up": "w górę"}, "drink": "napój", "cheers": "Na zdrowie!", "how_much": "Jak dużo?", "fruit": "owoc", "vegan": "Wegetarianin", "why": "Czemu?", "where_ticket": "Gdzie możemy kupić bilet?", "my_name_is": "Nazywam się ...", "maybe": "może", "im_married": "(I have a wife) Jestem żonaty. / (I have a husband) Jestem zamężna.", "how_far": "Jak daleko to będzie (pieszo)?", "i_cant_pay": "Nie mogę zapłacić.", "hello": "Cześć", "wine": "(czerwone, białe) wino"}