{"kilometre": "Kilometre", "i_dont_know": "Eu não sei", "help": "Socorro!", "numbers": {"n12": "Twelve", "n13": "Thirteen", "n10": "Ten", "n11": "Eleven", "n16": "Sixteen", "n17": "Seventeen", "n14": "Fourteen", "n15": "Fifteen", "n18": "Eighteen", "n19": "Nineteen", "numbers": "1 2 3 ...", "n30": "Thirty", "n1000": "Thousand", "n1000000": "Million", "n21": "Twenty-one", "n20": "Twenty", "n8": "Eight", "n9": "Nine", "n100": "Hundred", "n0": "Zero", "n1": "One", "n2": "Two", "n3": "Three", "n4": "Four", "n5": "Five", "n6": "Six", "n7": "Seven"}, "where_going": "Para onde está indo?", "beforeafter": {"after": "After", "before": "Before"}, "whats_your_name": "Como você se chama?", "where_can_i_find": {"map": "um mapa", "train_station": "uma estação de trem", "hitchhiking_spot": "um bom local para pedir carona", "toilet": "um banheiro", "wifi": "a public Wi-Fi / Internet", "cash_machine": "um caixa eletrônico", "tourist_office": "the tourist office", "internet_cafe": "an internet café", "fruit_market": "the fruit market", "supermarket": "um supermercado", "small_road_to": "the small road to ...", "where_can_i_find": "Where can I find ...?", "bus_stop": "a bus stop", "bus_station": "a Rodoviária", "bank": "Um banco", "metro_station": "a metro station", "toll_road_to": "the toll road to ...", "city_centre": "o centro da cidade", "pharmacy": "uma farmácia", "highway_to": "a estrada para ...", "camp_site": "um camping"}, "yes": "Yes", "perfect": "perfeito", "im_visiting": "Visito amigos em ...", "how_much_cost": "Quanto custa?", "sorry": "Sorry", "coffee": "Café", "excuse_me": "Excuse me...", "hitchhiker": "Hitchhiker", "leftright": {"right": "Right", "left": "Left"}, "free_hugs": "Free hugs", "stop": "Pare!", "im_from": "Eu sou de...", "where_are_you_from": "De onde você é?", "bread": "Pão", "meat": "Meat", "bad": "mal", "how_old": "Que idade você tem?", "thats_great": "Ótimo", "where": "Onde?", "speak_slower": "Você poderia falar mais devagar, por favor?", "often": {"rarely": "Rarely", "never": "Never", "often": "Often", "sometimes": "Sometimes"}, "thisnextlast": {"this": "This", "last": "Last", "next": "Next"}, "tea": "(???) chá", "have_nice_day": "Tenha um bom dia/boa viagem!", "hot_chocolate": "Chocolate quente", "for_free": "For free?", "thank_you": "Obrigado!", "hostel": "Hostel", "what": "What?", "im_sick": "Eu estou doente (estou me sentindo mal)", "straight_on": "Straight on", "hitchhike": "Hitchhike", "im_hh_around": "Vou de carona para ...", "let_me_out": "Deixe-me sair!", "tent": "Tent", "enjoy_meal": "Bom apetite!", "any_other_languages": "outras línguas", "no_thanks": "No thanks", "water": "água", "im_studying": "Serei um... [male] / Serei uma [female]...", "directions": {"west": "Oeste", "east": "Leste", "north": "Norte", "south": "Sul"}, "what_time": "Que horas são?", "im_fine": "Estou bem", "i_dont_eat_meat": "I don't eat meat", "ok": "Okay", "im_going_back": "Vou voltar ...", "vegetarian": "Vegetariano", "days": {"yesterday": "Yesterday", "today": "Today", "tomorrow": "Tomorrow"}, "UI": {"translate_from": "Translate from...", "about": "About", "contact_us": "Contact us", "voice-on": "Voice commands on", "audio_off": "Audio off", "search": "Search...", "audio_on": "Audio on", "voice-off": "Voice commands off", "phrasebook": "Phrasebook", "translate_to": "Translate to...", "help_translating": "Ajuda na tradução", "choose": "Choose"}, "smoke": "Smoke", "busking": "Busking", "im_holiday": "Estou de férias", "am_years_old": "Eu tenho ... anos.", "can_leave_my_bag": "Posso deixar minha mala aqui por um momento?", "place_to_sleep": "Procuro um lugar para dormir.", "could_get_lift_to": {"junction": "the junction", "just_before": "just before", "just_after": "just after", "could_get_lift_to": "Podia-me dar carona até ... ?", "petrol_station": "um posto de gasolina?", "roundabout": "roundabout", "ring_road": "on the ring road", "across_the_road": "across the road", "rest_area": "rest area", "service_area": "uma parada de caminhoneiros", "crossroads": "the crossroads", "tjunction": "the T-junction", "along_the_highway": "ao longo desta estrada"}, "i_study": "Eu estudo ...", "im_not_in_hurry": "I'm not in a hurry", "no_problem": "não tem problema", "long": {"short": "Short", "long": "Long"}, "i_dont_understand": "Eu não entendo", "beer": "Cerveja", "im_going_to": "Eu vou para ...", "time": {"week": "Week", "year": "Year", "day": "Day", "hour": "Hour", "month": "Month"}, "im_cold": "Estou com frio", "dupsterdiving": "Dumpster diving", "hotel": "Hotel", "overunder": {"over": "Over", "under": "Under"}, "drop_me_off": "Pode-me deixar aqui?\t", "i_have_friend": "I have a boy-friend/a girl-friend.", "im_will_stay": "Vou ficar por ... ???/???", "do_you_speak": "Você fala ... ?", "eat": "Eat", "im_in_year": "Estou no meu ... ano.", "room": "Room", "dont_touch_me": "Não me toque!", "cheap_restaurant": "um restaurante barato", "how_long": "How long?", "im_hot": "I'm hot", "thirsty": "Estou com sede", "juice": "Suco", "where_are_we": "Onde estamos?", "texted_my_father": "I have already texted my father.", "no": "No", "when": "Quando?", "who": "Quem?", "how": "Como?", "im_tired": "I'm tired", "which": "Which?", "pull_over": "Pull over I'm going to puke!", "are_you_going_towards": "Are you going towards ...?", "im_hungry": "I'm hungry", "updown": {"down": "Down", "up": "Up"}, "drink": "Drink", "cheers": "Saúde!", "how_much": "Quanto?", "fruit": "Fruit", "vegan": "Vegan", "why": "Por que?", "where_ticket": "Onde posso comprar uma pasagem?", "my_name_is": "O meu nome é ...", "maybe": "Talvez", "im_married": "Eu sou casado", "how_far": "Fica a que distância (a pé)?", "i_cant_pay": "Não posso pagar.", "hello": "Hello", "wine": "vinho (tinto, branco)"}