{"kilometre": "quilometro", "i_dont_know": "Não sei", "help": "Ajuda!", "numbers": {"n12": "Doze", "n13": "Treze", "n10": "Dez", "n11": "Onze", "n16": "Dezasseis", "n17": "Dezassete", "n14": "Catorze", "n15": "Quinze", "n18": "Dezoito", "n19": "Dezanove", "numbers": "1 2 3 ...", "n30": "Trinta", "n1000": "Mil", "n1000000": "Million", "n21": "Vinte e um", "n20": "Vinte", "n8": "Oito", "n9": "Nove", "n100": "Cem", "n0": "Zero", "n1": "Um", "n2": "Dois", "n3": "Três", "n4": "Quatro", "n5": "Cinco", "n6": "Seis", "n7": "Sete"}, "where_going": "Para onde você vai?", "beforeafter": {"after": "depois", "before": "antes"}, "whats_your_name": "Qual é o seu nome?", "where_can_i_find": {"map": "um mapa", "train_station": "Estação de comboio", "hitchhiking_spot": "um bom sitio para andar á boleia", "toilet": "casa-de-banho", "wifi": "uma Wireless / Internet publica", "cash_machine": "Caixa de multibanco", "tourist_office": "Posto de turismo", "internet_cafe": "an internet café", "fruit_market": "mercado de frutas", "supermarket": "super mercado", "small_road_to": "a pequena estrada para ...", "where_can_i_find": "Onde posso encontrar ... ?", "bus_stop": "Paragem de autocarro", "bus_station": "Estação de autocarros", "bank": "banco", "metro_station": "Estação de metro (or just \"Metro\")", "toll_road_to": "a auto-estrada para ...", "city_centre": "centro da cidade", "pharmacy": "farmácia", "highway_to": "A auto-estrada para ...", "camp_site": "acampamento"}, "yes": "Sim", "perfect": "perfeito", "im_visiting": "Estou a visitar amigos em ...", "how_much_cost": "Quanto custa?", "sorry": "Desculpa", "coffee": "Café", "excuse_me": "Com licença", "hitchhiker": "Hitchhiker", "leftright": {"right": "Direita.", "left": "esquerda"}, "free_hugs": "Abraços grátis", "stop": "PÁRA!", "im_from": "Eu sou de ....", "where_are_you_from": "De onde és?", "bread": "Pão", "meat": "Carne", "bad": "mau", "how_old": "Quantos anos tens?", "thats_great": "Isso é ótimo.", "where": "Onde?", "speak_slower": "Pode falar mais lento, por favor ?", "often": {"rarely": "raramento", "never": "Nunca", "often": "Frequente", "sometimes": "Ás vezes"}, "thisnextlast": {"this": "este", "last": "Ultimo", "next": "Próximo"}, "tea": "Chá (de ervas)", "have_nice_day": "Tenha um bom dia! / Tenha uma boa viajem!", "hot_chocolate": "Chocolate quente", "for_free": "De graça ?", "thank_you": "Obrigado!", "hostel": "Hostel, Albergue, Pensão", "what": "O quê?", "im_sick": "Estou doente.", "straight_on": "em frente", "hitchhike": "Boleia", "im_hh_around": "Estou a andar á boleia por volta de  ...", "let_me_out": "Deixa-me sair!", "tent": "Tenda", "enjoy_meal": "Bom apetite!", "any_other_languages": "alguma outra lingua", "no_thanks": "Não Obrigado", "water": "Água", "im_studying": "Estou a estudar para ser ...", "directions": {"west": "Oeste", "east": "Este", "north": "Norte", "south": "Sul"}, "what_time": "Que horas são?", "im_fine": "Estou bem.", "i_dont_eat_meat": "Não como carne.", "ok": "Okay", "im_going_back": "Estou a voltar para ...", "vegetarian": "Vegetariano", "days": {"yesterday": "Ontem", "today": "Hoje", "tomorrow": "Amanhã"}, "UI": {"translate_from": "Translate from...", "about": "About", "contact_us": "Contact us", "voice-on": "Voice commands on", "audio_off": "Audio off", "search": "Procura ...", "audio_on": "Audio on", "voice-off": "Voice commands off", "phrasebook": "Livro de frases", "translate_to": "Translate to...", "help_translating": "Help translating", "choose": "Choose"}, "smoke": "Fumar", "busking": "Tocar na rua", "im_holiday": "Estou de férias.", "am_years_old": "Tenho ... anos", "can_leave_my_bag": "Posso deixar a minha mala aqui por momentos ?", "place_to_sleep": "Procuro um lugar para dormir.", "could_get_lift_to": {"junction": "junção", "just_before": "logo antes", "just_after": "logo depois", "could_get_lift_to": "Posso ir de boleia até ... ?", "petrol_station": "Estação de gasolina", "roundabout": "rotunda", "ring_road": "circular", "across_the_road": "do outro lado da estrada", "rest_area": "area de descanso", "service_area": "Estação de serviço", "crossroads": "cruzamento", "tjunction": "entroncamento", "along_the_highway": "ao longo de auto-estrada"}, "i_study": "Eu estudo ...", "im_not_in_hurry": "Não estou com pressa", "no_problem": "sem problema", "long": {"short": "Curto", "long": "Longo"}, "i_dont_understand": "Não percebo / entendo", "beer": "Cerveja", "im_going_to": "Eu vou para ...", "time": {"week": "semana", "year": "Ano", "day": "dia", "hour": "hora", "month": "mês"}, "im_cold": "Estou com frio.", "dupsterdiving": "Procurar no lixo / Respigar", "hotel": "Hotel", "overunder": {"over": "Por cima", "under": "Por baixo"}, "drop_me_off": "Pode me deixar aqui?", "i_have_friend": "Eu tenho um / uma namorado / namorada.", "im_will_stay": "Vou ficar durante ... dias/semanas", "do_you_speak": "Você fala ...? Falas ...?", "eat": "Comer", "im_in_year": "Estou no meu ... ano", "room": "Quarto", "dont_touch_me": "Não me toque!", "cheap_restaurant": "Um restaurante barato", "how_long": "Quanto tempo? (time)", "im_hot": "Estou com calor.", "thirsty": "Estou com sede.", "juice": "Sumo", "where_are_we": "Onde estamos?", "texted_my_father": "Já mandei mensagem ao meu pai.", "no": "Não", "when": "Quando?", "who": "Quem?", "how": "Como?", "im_tired": "Estou cansado", "which": "Qual?", "pull_over": "Pare, eu vou vomitar!", "are_you_going_towards": "Você vai na direcção de ...?", "im_hungry": "Estou com fome.", "updown": {"down": "Baixo", "up": "Cima"}, "drink": "Beber", "cheers": "Saúde!", "how_much": "Quanto?", "fruit": "Fruta", "vegan": "Vegan", "why": "Porquê?", "where_ticket": "Onde posso comprar bilhetes?", "my_name_is": "O meu nome é ...", "maybe": "Talvez", "im_married": "Sou casado (M) / casada (F)", "how_far": "Qual a distância (a pé)?", "i_cant_pay": "Não consigo pagar.", "hello": "Olá", "wine": "Vinho (tinto, branco)"}