{"kilometre": "Kilometru", "i_dont_know": "Nu ştiu", "help": "Ajutor!", "numbers": {"n12": "Doişpe", "n13": "Treişpe", "n10": "Zece", "n11": "Unşpe", "n16": "Şaişpe", "n17": "Şaptişpe", "n14": "Paişpe", "n15": "Cinşpe", "n18": "Optişpe", "n19": "Nouăşpe", "numbers": "1 2 3 ...", "n30": "Treizeci", "n1000": "Mie", "n1000000": "Million", "n21": "Douăşunu.", "n20": "Douăzeci.", "n8": "Opt", "n9": "Nouă", "n100": "Sută", "n0": "Zero", "n1": "Unu", "n2": "Doi", "n3": "Trei", "n4": "Patru", "n5": "Cinci", "n6": "Şase", "n7": "Şapte"}, "where_going": "Unde mergeţi?", "beforeafter": {"after": "După", "before": "Înainte"}, "whats_your_name": "Cum vă cheamă?", "where_can_i_find": {"map": "o hartă", "train_station": "o gară", "hitchhiking_spot": "un loc bun pentru autostop", "toilet": "o toaletă", "wifi": "Wi-Fi / Internet", "cash_machine": "un bancomat", "tourist_office": "oficiu de informaţii pentru turişti", "internet_cafe": "an internet café", "fruit_market": "piaţa", "supermarket": "un supermarket", "small_road_to": "drumul mic spre ...", "where_can_i_find": "Unde găsesc ...?", "bus_stop": "o staţie de autobuz", "bus_station": "o autogară", "bank": "o bancă", "metro_station": "o staţie de metrou", "toll_road_to": "bariera spre ...", "city_centre": "centrul oraşului", "pharmacy": "o farmacie", "highway_to": "drumul spre ...", "camp_site": "un camping"}, "yes": "Da", "perfect": "perfect", "im_visiting": "Vizitez nişte prieteni în ...", "how_much_cost": "Cât costă?", "sorry": "Scuze/Mă scuzaţi", "coffee": "Cafea", "excuse_me": "Nu vă supăraţi...", "hitchhiker": "Hitchhiker", "leftright": {"right": "Dreapta", "left": "Stânga"}, "free_hugs": "Îmbrăţişări gratis", "stop": "Opriţi!", "im_from": "Sunt din ...", "where_are_you_from": "De unde sunteţi?", "bread": "Pâine", "meat": "Carne", "bad": "rău", "how_old": "Câţi ani aveţi?", "thats_great": "E super", "where": "Unde?", "speak_slower": "Puteţi să vorbiţi mai rar, vă rog?", "often": {"rarely": "Rar/Rareori", "never": "Niciodată", "often": "Des/Deseori", "sometimes": "Uneori"}, "thisnextlast": {"this": "Asta", "last": "Ultima", "next": "Următoarea"}, "tea": "Ceai", "have_nice_day": "Călătorie plăcută!", "hot_chocolate": "Ciocolată caldă", "for_free": "Gratis?", "thank_you": "Mulţumesc!", "hostel": "Hostel", "what": "Ce?", "im_sick": "Sunt bolnav", "straight_on": "Drept", "hitchhike": "Hitchhike", "im_hh_around": "Fac autostopul prin ...", "let_me_out": "Lăsaţi-mă să ies!", "tent": "Cort", "enjoy_meal": "Poftă bună!", "any_other_languages": "orice altă limbă", "no_thanks": "Nu, mulţumesc", "water": "Apă", "im_studying": "Studiez ca să devin ...", "directions": {"west": "Vest", "east": "Est", "north": "Nord", "south": "Sud"}, "what_time": "Cât e ceasul?", "im_fine": "Sunt bine", "i_dont_eat_meat": "Nu mănânc carne", "ok": "Okay", "im_going_back": "Mă întorc în ...", "vegetarian": "Vegetarian", "days": {"yesterday": "Ieri", "today": "Azi", "tomorrow": "Mâine"}, "UI": {"translate_from": "Translate from...", "about": "About", "contact_us": "Contact us", "voice-on": "Voice commands on", "audio_off": "Audio off", "search": "Caută...", "audio_on": "Audio on", "voice-off": "Voice commands off", "phrasebook": "Ghid de comunicare", "translate_to": "Translate to...", "help_translating": "Help translating", "choose": "Choose"}, "smoke": "Fum", "busking": "Busking", "im_holiday": "Sunt în vacanţă.", "am_years_old": "Am ... ani.", "can_leave_my_bag": "Pot să îmi las puţin bagajul aici?", "place_to_sleep": "Caut un loc în care să dorm.", "could_get_lift_to": {"junction": "intersecţia", "just_before": "chiar înainte de", "just_after": "chiar după", "could_get_lift_to": "Mă puţeti duce până la ...?", "petrol_station": "benzinărie", "roundabout": "sens giratoriu", "ring_road": "pe centură/pe \"variantă\" (slang)", "across_the_road": "peste drum", "rest_area": "parcare/zonă de servicii", "service_area": "zonă de servicii", "crossroads": "intersecţia", "tjunction": "intersecţia în formă de T", "along_the_highway": "pe şosea/de-a lungul şoselei"}, "i_study": "Studiez ...", "im_not_in_hurry": "Nu mă grăbesc", "no_problem": "nicio problemă", "long": {"short": "Scurt", "long": "Lung"}, "i_dont_understand": "Nu înţeleg", "beer": "Bere", "im_going_to": "Mă duc la ...", "time": {"week": "Săptămână", "year": "An", "day": "Zi", "hour": "Oră", "month": "Lună"}, "im_cold": "Mi-e frig", "dupsterdiving": "Căutat prin gunoaie", "hotel": "Hotel", "overunder": {"over": "Peste", "under": "Sub"}, "drop_me_off": "Mă puteţi lăsa aici?", "i_have_friend": "Am prieten/prietenă.", "im_will_stay": "O să stau ... zile/săptămâni", "do_you_speak": "Vorbiţi ...?", "eat": "Mâncare", "im_in_year": "Sunt în anul ...", "room": "Cameră", "dont_touch_me": "Nu mă atinge!", "cheap_restaurant": "Un restaurant ieftin", "how_long": "Cât de mult?", "im_hot": "Mi-e cald", "thirsty": "Mi-e sete", "juice": "Suc", "where_are_we": "Unde suntem?", "texted_my_father": "Deja i-am trimis mesaj lui tata.", "no": "Nu", "when": "Când?", "who": "Cine?", "how": "Cum?", "im_tired": "Sunt obosit", "which": "Care?", "pull_over": "Opriţi, îmi vine să vomit!", "are_you_going_towards": "Mergeţi spre... ?", "im_hungry": "Mi-e foame", "updown": {"down": "Jos", "up": "Sus"}, "drink": "Băutură", "cheers": "Noroc!", "how_much": "Cât?", "fruit": "Fructe", "vegan": "Vegan", "why": "De ce?", "where_ticket": "De unde pot să cumpăr bilete?", "my_name_is": "Mă cheamă ...", "maybe": "Poate", "im_married": "Sunt căsătorit(males)/căsătorită(females)", "how_far": "Cât de departe este (pe jos)?", "i_cant_pay": "Nu am bani.", "hello": "Bună ziua", "wine": "Vin (roşu, alb)"}