{"kilometre": "километр", "i_dont_know": "не знаю", "help": "Помогите!", "numbers": {"n12": "Двенадцать", "n13": "Тринадцать", "n10": "десять", "n11": "Одиннадцать", "n16": "Шестнадцать", "n17": "Семнадцать", "n14": "Четырнадцать", "n15": "Пятнадцать", "n18": "Восемнадцать", "n19": "Девятнадцать", "numbers": "1 2 3 ...", "n30": "Тридцать", "n1000": "тысяча", "n1000000": "Million", "n21": "Двадцать один", "n20": "Двадцать", "n8": "восемь", "n9": "Девять", "n100": "сто", "n0": "нол", "n1": "Один", "n2": "два", "n3": "три", "n4": "четыре", "n5": "пять", "n6": "шесть", "n7": "семь"}, "where_going": "куда вы едите?", "beforeafter": {"after": "после", "before": "Раньше/ перед"}, "whats_your_name": "как вас зовут?", "where_can_i_find": {"map": "карта", "train_station": "вокзал", "hitchhiking_spot": "Хорошее место для автостопа", "toilet": "туалет", "wifi": "Общественный wi-fi/интернет", "cash_machine": "банкомат", "tourist_office": "Туристический офис", "internet_cafe": "an internet café", "fruit_market": "фруктовый рынок", "supermarket": "супермаркет", "small_road_to": "Маленькая дорога на ...", "where_can_i_find": "Где я могу найти...?", "bus_stop": "Автобусная остановка", "bus_station": "автовокзал", "bank": "банк", "metro_station": "метро", "toll_road_to": "Платная дорога на ...", "city_centre": "центр города", "pharmacy": "аптека", "highway_to": "дорога/автострада на ...", "camp_site": "кемпинг"}, "yes": "да", "perfect": "Великолепно", "im_visiting": "я навещаю друзей в ...", "how_much_cost": "Сколько это стоит?", "sorry": "извините", "coffee": "кофе", "excuse_me": "извините", "hitchhiker": "Hitchhiker", "leftright": {"right": "(direction) право", "left": "лево"}, "free_hugs": "Бесплатные объятия", "stop": "Стоп/ остановитесь!", "im_from": "я из ...", "where_are_you_from": "откуда вы?", "bread": "хлеб", "meat": "мясо", "bad": "плохой", "how_old": "сколько тебе лет?", "thats_great": "здорово", "where": "где", "speak_slower": "Говорите помедленней, пожалуйста?", "often": {"rarely": "Редко", "never": "Никогда", "often": "Часто", "sometimes": "иногда"}, "thisnextlast": {"this": "Этот", "last": "последний", "next": "следующий"}, "tea": "чай", "have_nice_day": "Хорошего дня/пути!", "hot_chocolate": "Горячий шоколад", "for_free": "бесплатно?", "thank_you": "спасибо", "hostel": "Хостел", "what": "что", "im_sick": "я болен", "straight_on": "Прямо", "hitchhike": "Hitchhike", "im_hh_around": "я автостоплю вокруг...", "let_me_out": "выпустите!", "tent": "палатка", "enjoy_meal": "Приятного аппетита! ", "any_other_languages": "Какие-нибудь другие языки", "no_thanks": "нет спасибо", "water": "вода", "im_studying": "Я учусь на...", "directions": {"west": "запад", "east": "восток", "north": "север", "south": "юг"}, "what_time": "Сколько сейчас времени?", "im_fine": "Все хорошо", "i_dont_eat_meat": "Я не ем мясо", "ok": "Okay", "im_going_back": "я возвращаюсь в ...", "vegetarian": "Вегетарианец", "days": {"yesterday": "вчера", "today": "Сегодня", "tomorrow": "Завтра"}, "UI": {"translate_from": "Translate from...", "about": "About", "contact_us": "Contact us", "voice-on": "Voice commands on", "audio_off": "Audio off", "search": "поиск", "audio_on": "Audio on", "voice-off": "Voice commands off", "phrasebook": "Разговорник", "translate_to": "Translate to...", "help_translating": "Help translating", "choose": "Choose"}, "smoke": "курить", "busking": "Busking", "im_holiday": "Я на каникулах", "am_years_old": "Мне ... лет", "can_leave_my_bag": "Можно оставить здесь свой рюкзак ненадолго?", "place_to_sleep": "Я ищу где переночевать", "could_get_lift_to": {"junction": "Перекресток", "just_before": "Перед", "just_after": "Сразу после", "could_get_lift_to": "Можете подвезти меня до...?", "petrol_station": "Заправка", "roundabout": "Дорога с круговым движением", "ring_road": "На круговой дороге", "across_the_road": "через дорогу", "rest_area": "Зона отдыха", "service_area": "Сервисная зона", "crossroads": "перекрёсток", "tjunction": "Т-образный перекресток", "along_the_highway": "Вдоль шоссе"}, "i_study": "Я изучаю ...", "im_not_in_hurry": "я не спешу", "no_problem": "нет проблем / без проблем", "long": {"short": "короткий", "long": "длиный (adjective)"}, "i_dont_understand": "не понимаю", "beer": "пиво", "im_going_to": "я еду в ...", "time": {"week": "неделя", "year": "год/лет", "day": "день", "hour": "час", "month": "Месяц"}, "im_cold": "Я замерз", "dupsterdiving": "Дампстер дайвинг (we use English word)", "hotel": "гостиница", "overunder": {"over": "над", "under": "под"}, "drop_me_off": "Можете оставить меня здесь?", "i_have_friend": "У меня есть молодой человек/девушка", "im_will_stay": "я останусь на ... день/недели", "do_you_speak": "вы говорите ...?", "eat": "кушать", "im_in_year": "Я на ... году обучения", "room": "комната", "dont_touch_me": "Не трогайте меня", "cheap_restaurant": "Дешевый ресторан", "how_long": "Как долго?", "im_hot": "мне жарко", "thirsty": "Я хочу пить", "juice": "сок", "where_are_we": "где мы?", "texted_my_father": "я уже написала своему отцу.", "no": "нет", "when": "когда", "who": "кто", "how": "как", "im_tired": "я устал", "which": "какой", "pull_over": "остоновитесь, меня тошнит!", "are_you_going_towards": "вы едете в сторону ... ?", "im_hungry": "я голоден", "updown": {"down": "вниз", "up": "Вверх"}, "drink": "пить", "cheers": "За знакомство (for meeting)\nНа здоровье! ", "how_much": "Сколько?", "fruit": "фрукт", "vegan": "веган", "why": "Почему?", "where_ticket": "где купить билет?", "my_name_is": "Меня зовут ...", "maybe": "может быть", "im_married": "Я женат (m)/ я замужем (f)", "how_far": "насколко далеко пешком?", "i_cant_pay": "Я не могу заплатить", "hello": "(formal) здравствуйте", "wine": "(Красное, белое) вино"}