{"kilometre": "Kilometre", "i_dont_know": "Neviem", "help": "Pomoc!", "numbers": {"n12": "Dvanásť", "n13": "Trinásť", "n10": "Desať", "n11": "Jedenásť", "n16": "Šesťnásť", "n17": "Sedemnásť", "n14": "Štrnásť", "n15": "Pätnásť", "n18": "Osemnásť", "n19": "Devätnásť", "numbers": "1 2 3 ...", "n30": "Tridsať", "n1000": "Tisíc", "n1000000": "Million", "n21": "Dvadsať jeden", "n20": "Dvadsať", "n8": "Osem", "n9": "Deväť", "n100": "sto", "n0": "Nula", "n1": "Jeden", "n2": "Dva", "n3": "Tri", "n4": "Štyri", "n5": "Päť", "n6": "Šesť", "n7": "Sedem"}, "where_going": "Kam idete?", "beforeafter": {"after": "Po", "before": "Pred"}, "whats_your_name": "Ako sa voláš?", "where_can_i_find": {"map": "mapa", "train_station": "vlaková stanica", "hitchhiking_spot": "dobré miesto na stopovanie", "toilet": "záchod", "wifi": "verejné Wi-Fi / Internet", "cash_machine": "bankomat", "tourist_office": "turistické centrum", "internet_cafe": "an internet café", "fruit_market": "tržnica", "supermarket": "supermarket", "small_road_to": "malá cesta do ...", "where_can_i_find": "Kde nájdem ...?", "bus_stop": "autobusová zastávka", "bus_station": "autobusová stanica", "bank": "banka", "metro_station": "stanica metra", "toll_road_to": "platená cesta do...", "city_centre": "centrum mesta", "pharmacy": "lekáreň", "highway_to": "diaľnica do ...", "camp_site": "táborovisko / kempovisko"}, "yes": "Áno", "perfect": "super", "im_visiting": "Navštevujem kamarátov v ... / Idem na návštevu ku kamarátom v ...", "how_much_cost": "Koľko to stojí?", "sorry": "prepáčte", "coffee": "Káva", "excuse_me": "Pardón...", "hitchhiker": "autostopár", "leftright": {"right": "Vpravo", "left": "Vľavo"}, "free_hugs": "Objatie zadarmo", "stop": "Stop! / Zastavte!", "im_from": "Som z ...", "where_are_you_from": "Odkiaľ si?", "bread": "Chlieb", "meat": "Mäso", "bad": "zle", "how_old": "Koľko máš rokov?", "thats_great": "Super / Paráda", "where": "Kde?", "speak_slower": "Prosím, hovorte pomalšie?", "often": {"rarely": "občas / nie často", "never": "Nikdy", "often": "Často", "sometimes": "Niekedy"}, "thisnextlast": {"this": "Toto", "last": "Posledný", "next": "Ďalší"}, "tea": "(Bylinkový) čaj", "have_nice_day": "Prajem vám pekný deň/výlet!", "hot_chocolate": "Horúca čokoláda", "for_free": "Zadarmo?", "thank_you": "Ďakujem!", "hostel": "Hostel", "what": "Čo?", "im_sick": "Je mi zle", "straight_on": "Rovno", "hitchhike": "ísť autostopom", "im_hh_around": "Stopujem cez ...", "let_me_out": "Pustite ma von!", "tent": "Stan", "enjoy_meal": "Dobrú chuť!", "any_other_languages": "nejaké ďalšie jazyky", "no_thanks": "Nie, ďakujem", "water": "Voda", "im_studying": "Študujem ...", "directions": {"west": "Západ", "east": "Východ", "north": "Sever", "south": "Juh"}, "what_time": "Koľko je hodín?", "im_fine": "Som v poriadku", "i_dont_eat_meat": "Nejem mäso", "ok": "Okay", "im_going_back": "Idem späť do ...", "vegetarian": "Vegetarián", "days": {"yesterday": "Včera", "today": "Dnes", "tomorrow": "Zajtra"}, "UI": {"translate_from": "Translate from...", "about": "About", "contact_us": "Contact us", "voice-on": "Voice commands on", "audio_off": "Audio off", "search": "Hľadať...", "audio_on": "Audio on", "voice-off": "Voice commands off", "phrasebook": "Frázový Slovník", "translate_to": "Translate to...", "help_translating": "Help translating", "choose": "Choose"}, "smoke": "Fajčiť", "busking": "pouličné vystupovanie", "im_holiday": "Som na dovolenke.", "am_years_old": "Mám ... rokov", "can_leave_my_bag": "Môžem si tu na chvíľu nechať tašku?", "place_to_sleep": "Hľadám miesto na spanie.", "could_get_lift_to": {"junction": "križovatka", "just_before": "hneď pred", "just_after": "hneď po", "could_get_lift_to": "Mohli by ste ma zobrať do ...?", "petrol_station": "benzínka / benzínová pumpa", "roundabout": "kruhový objazd", "ring_road": "na okruh", "across_the_road": "cez cestu", "rest_area": "odpočívadlo", "service_area": "diaľničné odpočívadlo", "crossroads": "križovatka", "tjunction": "križovatka v tvare T", "along_the_highway": "pri dialnici"}, "i_study": "Študujem ...", "im_not_in_hurry": "neponáhľam sa", "no_problem": "žiadny problém", "long": {"short": "Krátko", "long": "Dlho"}, "i_dont_understand": "Nerozumiem", "beer": "Pivo", "im_going_to": "Idem do ...", "time": {"week": "Týždeň", "year": "Rok", "day": "Deň", "hour": "Hodina", "month": "Mesiac"}, "im_cold": "Je mi zima", "dupsterdiving": "Hľadať jedlo v smetiaku", "hotel": "Hotel", "overunder": {"over": "Cez", "under": "Pod"}, "drop_me_off": "Môžte ma vyhodiť tu?", "i_have_friend": "Mám priateľa / priateľku.", "im_will_stay": "Ostanem na ...dni/týždne", "do_you_speak": "Rozprávate ...?", "eat": "Jesť", "im_in_year": "Som v ... ročníku.", "room": "Izba", "dont_touch_me": "Nechytaj sa ma! / Nedotýkaj sa ma!", "cheap_restaurant": "Lacná reštaurácia", "how_long": "Ako dlho?", "im_hot": "Je mi teplo", "thirsty": "Som smädný", "juice": "Džús", "where_are_we": "Kde sme?", "texted_my_father": "Už som poslal môjmu otcovi SMS.", "no": "Nie", "when": "Kedy?", "who": "Kto?", "how": "Ako?", "im_tired": "Som unavený", "which": "Ktorý?", "pull_over": "Zastavte! Idem vracať/grcať!", "are_you_going_towards": "Idete smerom na ...?", "im_hungry": "Som hladný", "updown": {"down": "Dole", "up": "Hore"}, "drink": "Nápoj / Drink", "cheers": "Na zdravie!", "how_much": "Koľko?", "fruit": "Ovocie", "vegan": "Vegán", "why": "Prečo?", "where_ticket": "Kde si môžeme kúpiť lístok?", "my_name_is": "Volám sa ... / Moje meno je ...", "maybe": "Možno", "im_married": "Som vydatá (f)/ženatý (m).", "how_far": "Ako ďaleko je to (peši)?", "i_cant_pay": "Nemôže platiť. / Nemôžem zaplatiť.", "hello": "Ahoj", "wine": "(Červené, biele) víno"}