{"kilometre": "Kilometër", "i_dont_know": "Nuk di", "help": "Ndihmë!", "numbers": {"n12": "dymbëdhjtë", "n13": "trembëdhjetë", "n10": "dhjetë", "n11": "njëmbëdhjetë", "n16": "gjashtëmbëdhjetë", "n17": "shtatëmbëdhjetë", "n14": "katërmbëdhjetë", "n15": "pesmbëdhjtë", "n18": "tetmbëdhjetë", "n19": "nëntëmbëdhjetë", "numbers": "1 2 3 ...", "n30": "tridhjetë", "n1000": "Njëmijë", "n1000000": "Million", "n21": "njëzet e një", "n20": "njëzet", "n8": "tetë", "n9": "nëntë", "n100": "njëqind", "n0": "zero", "n1": "nje", "n2": "dy", "n3": "tre", "n4": "katër", "n5": "pesë", "n6": "gjashtë", "n7": "shtatë"}, "where_going": "çfare drejtimi shkon?", "beforeafter": {"after": "Mbrapa", "before": "Para"}, "whats_your_name": "si e ke emrin?", "where_can_i_find": {"map": "hart", "train_station": "stacion treni", "hitchhiking_spot": "vend i mirë për autostop", "toilet": "tualet", "wifi": "internet falas/whireless", "cash_machine": "Bankomat", "tourist_office": "zyra turistike", "internet_cafe": "an internet café", "fruit_market": "tregu fruta-perime", "supermarket": "supermarket", "small_road_to": "rruga dytësore per...", "where_can_i_find": "ku mund të gjej...?", "bus_stop": "ndalesë autobuzi", "bus_station": "stacion autobuzi", "bank": "bank", "metro_station": "stacion metroie", "toll_road_to": "rruga me pagesë që të çon në...", "city_centre": "qëndra e qytetit", "pharmacy": "farmaci", "highway_to": "autostrada për...", "camp_site": "vend kampingu"}, "yes": "Po", "perfect": "mrekulli", "im_visiting": "Do takoj disa miq në ....", "how_much_cost": "sa kushton?", "sorry": "Sorry", "coffee": "Kafe'", "excuse_me": "më fal", "hitchhiker": "Hitchhiker", "leftright": {"right": "Djathtas", "left": "Majtas"}, "free_hugs": "përqafime falas", "stop": "Stop!", "im_from": "Jam nga ...", "where_are_you_from": "nga je?", "bread": "Bukë", "meat": "Mish", "bad": "keq", "how_old": "sa vjeç je?", "thats_great": "është shumë mirë", "where": "ku?", "speak_slower": "fol ngadalë, të lutem", "often": {"rarely": "Rrallë", "never": "kurrë", "often": "shpesh", "sometimes": "ndonjëherë"}, "thisnextlast": {"this": "kjo", "last": "i/e fundit", "next": "tjetra"}, "tea": "çaj", "have_nice_day": "ditë/udhëtim te këndshëm!", "hot_chocolate": "çokollatë e nxehtë", "for_free": "Falas?", "thank_you": "faleminderit!", "hostel": "Hostel", "what": "çfarë?", "im_sick": "Jam sëmurë", "straight_on": "Drejt", "hitchhike": "Hitchhike", "im_hh_around": "Shëtis me autostop nëpër ...", "let_me_out": "më zbrit", "tent": "tend", "enjoy_meal": "Të bëftë mirë!", "any_other_languages": "ndonjë gjuhë tjetër", "no_thanks": "Jo faleminderit", "water": "Ujë", "im_studying": "Studioj për ...", "directions": {"west": "perëndim", "east": "lindje", "north": "veri", "south": "jug"}, "what_time": "sa është ora?", "im_fine": "Jam mirë", "i_dont_eat_meat": "Nuk ha mish", "ok": "Okay", "im_going_back": "Do kthehem në...", "vegetarian": "vegjetarian", "days": {"yesterday": "dje", "today": "sot", "tomorrow": "nesër"}, "UI": {"translate_from": "Translate from...", "about": "About", "contact_us": "Contact us", "voice-on": "Voice commands on", "audio_off": "Audio off", "search": "Kërkoj...", "audio_on": "Audio on", "voice-off": "Voice commands off", "phrasebook": "Fjalor shprehjesh", "translate_to": "Translate to...", "help_translating": "Help translating", "choose": "Choose"}, "smoke": "Duhan", "busking": "Busking", "im_holiday": "Jam me pushime.", "am_years_old": "Jam .... vjeç", "can_leave_my_bag": "Mund ta lë çantën këtu për pak kohë?", "place_to_sleep": "Kerkoj një vend për të fjetur", "could_get_lift_to": {"junction": "kryqëzimi", "just_before": "para ", "just_after": "pas", "could_get_lift_to": "mund të më shoqëroni deri në...?", "petrol_station": "karburant", "roundabout": "reth-rrotullim", "ring_road": "në unazë", "across_the_road": "matanë rrugës", "rest_area": "qëndër pushimi", "service_area": "zonë pushimi", "crossroads": "kryqëzime", "tjunction": "kryqëzim në formë T-je", "along_the_highway": "përgjatë autostradës"}, "i_study": "Studioj ...", "im_not_in_hurry": "nuk nxitoj", "no_problem": "pa problem", "long": {"short": "shkurtër", "long": "gjatë"}, "i_dont_understand": "nuk kuptoj", "beer": "Birrë", "im_going_to": "Po shkoj në...", "time": {"week": "Javë", "year": "Vit", "day": "Ditë", "hour": "Orë", "month": "Muaj"}, "im_cold": "Kam ftohtë", "dupsterdiving": "Kërkoj në kosh plehrash ", "hotel": "Hotel", "overunder": {"over": "Mbi", "under": "poshtë"}, "drop_me_off": "mund të më lësh këtu?", "i_have_friend": "kam të dashur", "im_will_stay": "Do rri ... ditë/javë", "do_you_speak": "flet....?", "eat": "Ha", "im_in_year": "Jam në vit të ...", "room": "Dhomë", "dont_touch_me": "Mos më prek!", "cheap_restaurant": "Restorant i lirë", "how_long": "sa?", "im_hot": "Kam vapë", "thirsty": "Kam etje", "juice": "Lëng frutash", "where_are_we": "ku jemi?", "texted_my_father": "kam lajmëruar babain.", "no": "jo", "when": "kur?", "who": "kush?", "how": "si?", "im_tired": "Jam i lodhur", "which": "cili/a?", "pull_over": "Ndalo se do vjell!", "are_you_going_towards": "shkon në drejtim të...?", "im_hungry": "Jam i uritur", "updown": {"down": "Poshtë", "up": "Lart"}, "drink": "Pi", "cheers": "Gëzuar!", "how_much": "sa?", "fruit": "Frut", "vegan": "Vegan", "why": "pse?", "where_ticket": "ku mund të blej biletë?", "my_name_is": "Quhem...", "maybe": "Ndoshta", "im_married": "jam martuar.", "how_far": "sa larg është (në këmbë)", "i_cant_pay": "Nuk mund të paguaj.", "hello": "çkemi", "wine": "verë (kuqe,bardh)"}