{"kilometre": "Kilometer", "i_dont_know": "Jag vet inte", "help": "Hjälp!", "numbers": {"n12": "Tolv", "n13": "Tretton", "n10": "Tio", "n11": "Elva", "n16": "Sexton", "n17": "Sjutton", "n14": "Fjorton", "n15": "Femton", "n18": "Arton", "n19": "Nitton", "numbers": "1 2 3 ...", "n30": "Trettio", "n1000": "Tusen", "n1000000": "Million", "n21": "Tjugoett", "n20": "Tjugo", "n8": "Åtta", "n9": "Nio", "n100": "Hundra", "n0": "Noll", "n1": "Ett", "n2": "Två", "n3": "Tre", "n4": "Fyra", "n5": "Fem", "n6": "Sex", "n7": "Sju"}, "where_going": "Vart ska du?", "beforeafter": {"after": "Efter", "before": "Före"}, "whats_your_name": "Vad heter du?", "where_can_i_find": {"map": "en karta", "train_station": "tågstationen", "hitchhiking_spot": "en bra lifta spot", "toilet": "en toalett", "wifi": "ett öppet trådlöst nät", "cash_machine": "en bankomat", "tourist_office": "turistbyrån", "internet_cafe": "an internet café", "fruit_market": "frukt marknaden", "supermarket": "en mataffär", "small_road_to": "den mindre vägen till ...", "where_can_i_find": "Var finns ...?", "bus_stop": "en busshållplats", "bus_station": "busstationen", "bank": "en bank", "metro_station": "en tunnelbanestation", "toll_road_to": "the toll road to ...", "city_centre": "centrum", "pharmacy": "ett apotek", "highway_to": "motorvägen till ...", "camp_site": "en ampingplats"}, "yes": "Ja", "perfect": "perfekt", "im_visiting": "Jag ska träffa vänner i ...", "how_much_cost": "Mycket mycket kostar den?", "sorry": "Förlåt", "coffee": "Kaffe", "excuse_me": "Ursäkta...", "hitchhiker": "Hitchhiker", "leftright": {"right": "Höger", "left": "Vänster"}, "free_hugs": "Gratis kramar", "stop": "Stanna!", "im_from": "Jag kommer från ...", "where_are_you_from": "Var kommer du ifrån?", "bread": "Bröd", "meat": "Kött", "bad": "dåligt", "how_old": "Hur gammal är du?", "thats_great": "Vad bra!", "where": "Var?", "speak_slower": "Kan du tala långsammare?", "often": {"rarely": "Sällan", "never": "Aldrig", "often": "Ofta", "sometimes": "Ibland"}, "thisnextlast": {"this": "Den här", "last": "Sista", "next": "Nästa"}, "tea": "(Ört-)te", "have_nice_day": "Ha en trevlig dag/resa!", "hot_chocolate": "Varm choklad", "for_free": "Är det gratis?", "thank_you": "Tack!", "hostel": "Hostel", "what": "Vad?", "im_sick": "Jag är sjuk", "straight_on": "Rakt fram", "hitchhike": "Hitchhike", "im_hh_around": "Jag liftar runt ...", "let_me_out": "Släpp ut mig!", "tent": "Tält", "enjoy_meal": "Smaklig måltid!", "any_other_languages": "några andra språk", "no_thanks": "Nej tack", "water": "Vatten", "im_studying": "Jag ska bli ...", "directions": {"west": "Väster", "east": "Öster", "north": "Norr", "south": "Söder"}, "what_time": "Vad är klockan?", "im_fine": "Jag mår bra", "i_dont_eat_meat": "Jag äter inte kött", "ok": "Okay", "im_going_back": "Jag är på väg tillbaka till ...", "vegetarian": "Vegetarian", "days": {"yesterday": "Igår", "today": "Idag", "tomorrow": "Imorgon"}, "UI": {"translate_from": "Translate from...", "about": "About", "contact_us": "Contact us", "voice-on": "Voice commands on", "audio_off": "Audio off", "search": "Sök...", "audio_on": "Audio on", "voice-off": "Voice commands off", "phrasebook": "Parlör", "translate_to": "Translate to...", "help_translating": "Help translating", "choose": "Choose"}, "smoke": "Röka", "busking": "Busking", "im_holiday": "Jag är på semester", "am_years_old": "Jag är ... år gammal.", "can_leave_my_bag": "Kan jag lämna min ryggsäck här ett tag?", "place_to_sleep": "Jag letar efter nånstans att sova.", "could_get_lift_to": {"junction": "the junction", "just_before": "precis innan", "just_after": "precis efter", "could_get_lift_to": "Kan jag få lift till ...?", "petrol_station": "en bensinmack", "roundabout": "rondell", "ring_road": "på ringvägen", "across_the_road": "på andra sidan vägen", "rest_area": "en rastplats", "service_area": "en serviceanläggning", "crossroads": "korsningen", "tjunction": "the T-junction", "along_the_highway": "längs motorvägen"}, "i_study": "Jag studerar ...", "im_not_in_hurry": "Jag har inte bråttom", "no_problem": "inga problem", "long": {"short": "Kort", "long": "Lång"}, "i_dont_understand": "Jag förstår inte", "beer": "Öl", "im_going_to": "Jag ska till ...", "time": {"week": "Vecka", "year": "År", "day": "Dag", "hour": "Timma", "month": "Månad"}, "im_cold": "Jag fryser", "dupsterdiving": "Containerdykning", "hotel": "Hotell", "overunder": {"over": "Över", "under": "Under"}, "drop_me_off": "Kan du släppa av mig här?", "i_have_friend": "Jag har pojkvän/flickvän.", "im_will_stay": "Jag kommer att stanna i ... dagar/veckor", "do_you_speak": "Talar du ...?", "eat": "Äta", "im_in_year": "Jag är på mitt ... år.", "room": "Rum", "dont_touch_me": "Rör mig inte!", "cheap_restaurant": "En billig restaurang", "how_long": "Hur länge?", "im_hot": "Jag är varm", "thirsty": "Jag är törstig", "juice": "Jos", "where_are_we": "Var är vi?", "texted_my_father": "Jag har redan ", "no": "Nej", "when": "När?", "who": "Vem?", "how": "Hur?", "im_tired": "Jag är trött", "which": "Vilken?", "pull_over": "Stanna, jag behöver kräkas!", "are_you_going_towards": "Åker du mot ...?", "im_hungry": "Jag är hungrig", "updown": {"down": "Ner", "up": "Upp"}, "drink": "Dricka", "cheers": "Skål!", "how_much": "Hur mycket?", "fruit": "Frukt", "vegan": "Vegan", "why": "Varför?", "where_ticket": "Var köper man köpa biljett?", "my_name_is": "Jag heter ...", "maybe": "Kanske", "im_married": "Jag är gift.", "how_far": "Hur långt är det (till fots)?", "i_cant_pay": "Jag kan inte betala.", "hello": "Hej", "wine": "(Rött, vitt) vin"}