{"kilometre": "Kilometre", "i_dont_know": "Bilmiyorum", "help": "İmdat! [emergency] / yardım [general]", "numbers": {"n12": "on iki", "n13": "on üç", "n10": "on", "n11": "on bir", "n16": "on altı", "n17": "on yedi", "n14": "on dört", "n15": "on beş", "n18": "on sekiz", "n19": "on dokuz", "numbers": "1 2 3 ...", "n30": "otuz", "n1000": "bin", "n1000000": "Million", "n21": "yirmi bir", "n20": "yirmi", "n8": "sekiz", "n9": "dokuz", "n100": "yüz", "n0": "sıfır", "n1": "bir", "n2": "iki", "n3": "üç", "n4": "dört", "n5": "beş", "n6": "altı", "n7": "yedi"}, "where_going": "Nereye gidiyor musun?", "beforeafter": {"after": "Sonra", "before": "Önce"}, "whats_your_name": "Senin adın ne?", "where_can_i_find": {"map": "bir harita", "train_station": "gar / tren istasyonu", "hitchhiking_spot": "iyi bir otostop yeri", "toilet": "bir tuvalet", "wifi": "bedava (wifi / kablosuz) internet", "cash_machine": "bankamatik", "tourist_office": "turizm ofisi", "internet_cafe": "an internet café", "fruit_market": "pazar / sebze pazarı [vegetable market]", "supermarket": "bir süpermarket", "small_road_to": "...-a / -e küçük yol", "where_can_i_find": "... nerede bulabilirim?", "bus_stop": "otobus durağı", "bus_station": "otogar", "bank": "bir bank", "metro_station": "metro istasyonu", "toll_road_to": "...-a / -e üçretli / oto yol", "city_centre": "şehir merkezi", "pharmacy": "bir eczane", "highway_to": "...-a / -e karayolu", "camp_site": "bir kamp alanı"}, "yes": "Evet", "perfect": "Mükemmel", "im_visiting": "... arkadaşlarımı ziyaret edeceğim.", "how_much_cost": "O ne kadar?", "sorry": "Afedersiniz / Pardon", "coffee": "Kahve", "excuse_me": "Afedersiniz / Bakar mısınız", "hitchhiker": "Otostopçu", "leftright": {"right": "Sağ", "left": "Sol"}, "free_hugs": "Sarılmak serbest", "stop": "Dur!", "im_from": "...'den/'dan geliyorum [literally \"I'm coming from\". Expressing nationality is done differently.]", "where_are_you_from": "Nerelisin?", "bread": "Ekmek", "meat": "Et", "bad": "kötü", "how_old": "Kaç yaşındasın?", "thats_great": "Harika", "where": "Nerede?", "speak_slower": "Yavaş konuşun lüften. / Daha yavaş konuşabilir misiniz lütfen?", "often": {"rarely": "Nadiren", "never": "Asla", "often": "Sık sık", "sometimes": "Bazen"}, "thisnextlast": {"this": "Bu", "last": "(en) son", "next": "Sonkraki"}, "tea": "(bitkisel) çay", "have_nice_day": "İyi günler/yolculuklar!", "hot_chocolate": "Sıçak çikolata", "for_free": "Bedava mı? / Ücretsiz mi?", "thank_you": "Teşekkür ederim!", "hostel": "Pansiyon", "what": "Ne?", "im_sick": "Ben hastayım", "straight_on": "Düz", "hitchhike": "Otostop yapmak", "im_hh_around": "Ben ... otostopla geziyorum.", "let_me_out": "Bırak beni!", "tent": "Çadır", "enjoy_meal": "Afiyet olsun!", "any_other_languages": "başka bir dil", "no_thanks": "Hayır, teşekkürler", "water": "su", "im_studying": "Ben bir ... olmak için okuyorum.", "directions": {"west": "Batı", "east": "Doğu", "north": "Küzey", "south": "Güney"}, "what_time": "Saat kaç?", "im_fine": "İyiyim", "i_dont_eat_meat": "Ben et yemem.", "ok": "Okay", "im_going_back": "Ben ... geri dönüyorum.", "vegetarian": "Vejetaryen", "days": {"yesterday": "Dün", "today": "Bugün", "tomorrow": "yarın"}, "UI": {"translate_from": "Translate from...", "about": "About", "contact_us": "Contact us", "voice-on": "Voice commands on", "audio_off": "Audio off", "search": "Ara...", "audio_on": "Audio on", "voice-off": "Voice commands off", "phrasebook": "hazır cümle kitabı", "translate_to": "Translate to...", "help_translating": "Help translating", "choose": "Choose"}, "smoke": "Sigara içmek", "busking": "Busking", "im_holiday": "Tatildeyim.", "am_years_old": "Ben ... yaşındayım.", "can_leave_my_bag": "Çantamı buraya bir süreliğine bırakabilir miyim?", "place_to_sleep": "Uyumak için bir yer arıyorum.", "could_get_lift_to": {"junction": "kavşak", "just_before": "hemen önce", "just_after": "hemen sonra", "could_get_lift_to": "Beni ...-a / -e götürebilir misin?", "petrol_station": "benzin istasyonu", "roundabout": "döner kavşak", "ring_road": "çevre yolunda", "across_the_road": "yolun karşısında", "rest_area": "dinlenme alanı", "service_area": "bir servis alanı", "crossroads": "dörtyol ağzı", "tjunction": "T kavşak", "along_the_highway": "karayolu yanında"}, "i_study": "Ben ... okuyorum.", "im_not_in_hurry": "Acelem değilim.", "no_problem": "sorun değil", "long": {"short": "Kısa", "long": "Uzak"}, "i_dont_understand": "Anlamıyorum.", "beer": "Bira", "im_going_to": "Ben ...-a / -e gidiyorum.", "time": {"week": "Hafta", "year": "Yıl", "day": "Gün", "hour": "Saat", "month": "Ay"}, "im_cold": "Üşüdüm", "dupsterdiving": "çöpten almak", "hotel": "Otel", "overunder": {"over": "Üzerinde", "under": "Altında"}, "drop_me_off": "Beni burada bırakabilir misin?", "i_have_friend": "Benim erkek/kız arkadaşım var.", "im_will_stay": "Ben ... gün/hafta süreyle kalacağım.", "do_you_speak": "... biliyor musun?", "eat": "Yemek [noun & verb]", "im_in_year": "(1.) birinci senem \n(2.) ikinci senem\n(3.) üçüncü senem", "room": "Oda", "dont_touch_me": "Bana dokunma!", "cheap_restaurant": "ucuz bir restoran / lokanta", "how_long": "Ne kadar süre?", "im_hot": "I'm hot", "thirsty": "Susadım", "juice": "Meyve suyu", "where_are_we": "Biz neredeyiz?", "texted_my_father": "Zaten babama mesaj attım.", "no": "Hayır", "when": "Ne zaman?", "who": "Kim?", "how": "Nasıl?", "im_tired": "yorgunum", "which": "Hangi?", "pull_over": "Dur, kusacağım!", "are_you_going_towards": "... 'a / 'e gidiyor musun?", "im_hungry": "Açım", "updown": {"down": "Aşağı", "up": "Yukarı"}, "drink": "İçmek [verb] / içecek [noun]", "cheers": "Şerefe!", "how_much": "Ne kadar? / Kaç para?", "fruit": "Meyve", "vegan": "Vegan", "why": "Neden?", "where_ticket": "Bileti nereden alabiliriz?", "my_name_is": "Benim adım ...", "maybe": "Belki", "im_married": "Ben evliyim.", "how_far": "Ne kadar uzakta (yürüyerek)?", "i_cant_pay": "Ben ödeyemem.", "hello": "Merhaba / Selam", "wine": "(kırmızı, beyaz) şarap"}